"cluster","marker","log2FC","pval"
"98","Cell_length",0.0644423840854405,1.43492327228556e-34
"88","Cell_length",-0.218734040685216,5.04359656613314e-137
"89","Cell_length",0.0204189067546892,3.22948651363791e-07
"99","Cell_length",-0.189852057496548,0
"90","Cell_length",0.153942182345228,0
"80","Cell_length",0.0641711831631475,0.000260649271746069
"100","Cell_length",-0.0666360545505913,1.65738894651592e-58
"96","Cell_length",0.140840184318794,2.1493970204824e-205
"95","Cell_length",0.109398266769605,1.76033055039862e-183
"87","Cell_length",-0.208628417576668,2.4923994292719e-292
"97","Cell_length",-0.027989303581655,0.000955676628610015
"86","Cell_length",-0.189334986319262,1.45442620611173e-114
"44","Cell_length",-0.395295324925564,9.50713607869644e-95
"45","Cell_length",-0.307626843969065,9.03004157373837e-198
"30","Cell_length",0.195119788281612,0
"20","Cell_length",0.187067505041036,0
"27","Cell_length",-0.0464128460907958,2.527997646679e-29
"39","Cell_length",0.026289071399898,1.06918804905402e-60
"9","Cell_length",0.230627195396482,0
"29","Cell_length",0.0169788764423251,1.0223141220733e-32
"7","Cell_length",0.000133745892395343,0.923432035869672
"5","Cell_length",0.0422840264888706,4.36720417047469e-112
"28","Cell_length",-0.147396690514716,0
"19","Cell_length",0.168795418980396,1.68772811828998e-312
"26","Cell_length",-0.176768147291913,0
"17","Cell_length",-0.0931066539880072,0
"37","Cell_length",-0.396578200280701,0
"16","Cell_length",-0.151667050716606,0
"18","Cell_length",0.0677210521933767,3.88091143007302e-230
"6","Cell_length",-0.094963577493971,9.29764370400376e-173
"49","Cell_length",0.0513515434043956,3.97682668140264e-221
"8","Cell_length",0.0489258899405329,2.3817015611332e-182
"15","Cell_length",-0.0691744755195502,0.00313747221751379
"36","Cell_length",-0.441442033880041,0
"35","Cell_length",-0.299120142699902,0.00400956065895813
"66","Cell_length",-0.0958571133010053,2.93160715163908e-15
"38","Cell_length",-0.0894342862920618,3.70691570959213e-230
"77","Cell_length",-0.0786131116725799,3.10012155505798e-308
"10","Cell_length",0.256544114610713,0
"48","Cell_length",-0.126241278770471,0
"78","Cell_length",0.0326775509440762,5.99181106181318e-94
"40","Cell_length",0.19867001315067,0
"46","Cell_length",-0.416213298287563,0
"50","Cell_length",0.19105480075383,0
"68","Cell_length",0.0320465426374743,9.94657033443508e-49
"57","Cell_length",-0.161746749649483,0
"58","Cell_length",-0.0804493551891772,3.81942505293107e-179
"60","Cell_length",0.116544046485817,0
"47","Cell_length",-0.376111280582911,0
"69","Cell_length",0.106880553155023,1.73677312886642e-249
"56","Cell_length",-0.176643284503826,0
"59","Cell_length",0.0608577138427215,1.63871421698186e-174
"67","Cell_length",-0.0420572472623622,5.8316302514692e-53
"79","Cell_length",0.209510427508543,0
"70","Cell_length",0.278826771697321,0
"73","Cell_length",0.0702939012799206,2.65199459706196e-181
"93","Cell_length",0.259094481729169,0
"74","Cell_length",0.000316399953984803,0.883230444064804
"63","Cell_length",-0.118227735689806,8.15978597449924e-256
"62","Cell_length",0.00444613718901365,0.0258166056222854
"84","Cell_length",0.169528089747374,0
"52","Cell_length",-0.162639920551192,0
"76","Cell_length",-0.0141077152493958,4.14303010649136e-08
"65","Cell_length",-0.102294967151902,8.54091107487578e-213
"83","Cell_length",0.19949053943032,0
"75","Cell_length",-0.0547194019521451,8.73154754491046e-64
"64","Cell_length",-0.112865127975937,5.33876388964894e-283
"25","Cell_length",-0.181286974777533,4.55013852622926e-116
"53","Cell_length",-0.356874263100107,0
"54","Cell_length",-0.447923705932676,0
"55","Cell_length",-0.262678608242796,4.7160524998865e-262
"94","Cell_length",0.0593529020293306,2.06099423705246e-169
"85","Cell_length",0.168858551620064,1.04270252000049e-289
"71","Cell_length",-0.435600669807207,0
"72","Cell_length",-0.0673622710830428,2.64247841808791e-47
"42","Cell_length",-0.251038927123917,4.58897136498037e-244
"61","Cell_length",-0.119995864437269,0
"3","Cell_length",0.222451901149967,0
"31","Cell_length",0.027539592349378,2.10321998065809e-22
"92","Cell_length",0.000915414350558308,0.89211481558122
"32","Cell_length",-0.198525257557055,0
"14","Cell_length",-0.00697973355585457,0.00309674936613254
"24","Cell_length",-0.135023201225985,1.50498385429886e-231
"82","Cell_length",0.101867490058454,6.42924419289677e-191
"13","Cell_length",0.0386288122365175,3.05735261589972e-84
"21","Cell_length",0.0322358698511835,6.66475994788404e-18
"4","Cell_length",0.126537088379006,0
"12","Cell_length",0.00817634201370798,4.7627702578888e-05
"22","Cell_length",-0.0520197735800541,2.80654470942015e-127
"23","Cell_length",-0.0728903222526229,3.32626548701726e-255
"1","Cell_length",0.255511890958789,0
"33","Cell_length",-0.264798660220629,0
"2","Cell_length",0.168077436610044,3.69544013632056e-306
"43","Cell_length",-0.409228472502376,0
"34","Cell_length",-0.450200007226309,0
"41","Cell_length",0.196678058650689,9.80731269552375e-225
"11","Cell_length",0.0706023299289851,2.75023042542735e-164
"51","Cell_length",0.0631504680388837,2.63925478906646e-40
"91","Cell_length",0.241030374858133,0
"81","Cell_length",0.0413919444497639,9.9990695265001e-86
"98","CD45RA",-1.1702639714333,2.6483636672713e-120
"88","CD45RA",-1.08364769242004,1.31629583790557e-77
"89","CD45RA",0.687321279872019,2.86656325265329e-87
"99","CD45RA",0.312041302250341,1.91569660349555e-30
"90","CD45RA",0.972743635989264,1.42413793898095e-246
"80","CD45RA",0.436446370372811,0.0107547452603644
"100","CD45RA",0.236403431561275,1.67914477349557e-17
"96","CD45RA",-1.03323435026935,1.70066032539623e-157
"95","CD45RA",-1.18582658084938,5.15185651853834e-200
"87","CD45RA",-1.25250791572753,2.24162315971853e-240
"97","CD45RA",-0.386586426587466,1.43488274312667e-12
"86","CD45RA",-1.53165166720388,8.45998758105e-164
"44","CD45RA",-0.560054731213691,4.65738016313941e-12
"45","CD45RA",-1.10193818511442,1.64006788519726e-62
"30","CD45RA",-0.123033506199671,9.75747698270397e-06
"20","CD45RA",-0.369113156432052,2.36460940113208e-36
"27","CD45RA",-0.250555085436182,2.02006239015811e-07
"39","CD45RA",-0.0770335015310368,0.0053106883952765
"9","CD45RA",-1.21339049888547,1.13854725575117e-309
"29","CD45RA",-0.499266606633542,5.00153834376804e-88
"7","CD45RA",-0.528669749169049,1.31313256989308e-102
"5","CD45RA",-0.832234976175199,2.80252644589999e-156
"28","CD45RA",-0.343366289764289,6.15682305210816e-45
"19","CD45RA",-0.0238366567392023,0.541830846652918
"26","CD45RA",-0.712019161952674,1.32785515494505e-136
"17","CD45RA",-0.485175053645857,2.53768226795656e-55
"37","CD45RA",-0.484629986952117,1.5289263169358e-36
"16","CD45RA",-0.930552802499526,1.52667882970887e-184
"18","CD45RA",0.424168147217091,3.63587105404264e-51
"6","CD45RA",-0.422633965416817,2.1923791245449e-20
"49","CD45RA",-0.05841009374452,0.0285579032458004
"8","CD45RA",-1.26199592557155,0
"15","CD45RA",-0.230166423106286,0.4470433939086
"36","CD45RA",-0.951408361741633,2.12626840021109e-133
"35","CD45RA",-0.0561871137360277,0.945972853731372
"66","CD45RA",0.185748986134174,0.226252614597728
"38","CD45RA",-0.60021112151227,1.81378572044506e-63
"77","CD45RA",-0.404599978737969,4.42195136209706e-40
"10","CD45RA",0.201685228550621,1.23027378780053e-12
"48","CD45RA",-0.10605262005789,0.00200824764532045
"78","CD45RA",-0.267095967252546,2.74337570169411e-22
"40","CD45RA",0.213277638103114,1.58035123084562e-10
"46","CD45RA",-0.318492666178321,6.6829919820745e-15
"50","CD45RA",-0.0235895149198218,0.465852838634868
"68","CD45RA",0.173957552966564,6.51592427839584e-08
"57","CD45RA",-0.108549745850502,0.000453219431038157
"58","CD45RA",0.615181133874982,5.44180251779453e-76
"60","CD45RA",0.392215085990144,1.68236546770451e-29
"47","CD45RA",-0.232610199538507,7.03474520659779e-09
"69","CD45RA",-0.633467677896179,2.62078296180436e-47
"56","CD45RA",-0.432873924217275,2.42410854162015e-31
"59","CD45RA",0.923115918584067,1.14456884449513e-209
"67","CD45RA",0.590395155964547,3.1683724377672e-23
"79","CD45RA",-0.336046235394731,8.84955435990569e-19
"70","CD45RA",0.738293639575665,3.62011671867293e-149
"73","CD45RA",1.02159599384308,7.03654767422555e-195
"93","CD45RA",1.16670160318046,0
"74","CD45RA",0.596718500885655,6.5086784880703e-99
"63","CD45RA",0.891431953803362,1.17266843240357e-136
"62","CD45RA",0.453166057045191,3.04449056942687e-51
"84","CD45RA",0.749150530159454,1.91289755253858e-96
"52","CD45RA",0.260210820671014,4.18126192823913e-18
"76","CD45RA",0.223942127217638,4.78150645575e-11
"65","CD45RA",1.03585619060676,2.54710335746998e-190
"83","CD45RA",0.703991163391246,8.77677349886046e-105
"75","CD45RA",1.36951231352449,1.20571181065102e-159
"64","CD45RA",0.74128974991083,5.77623367383618e-113
"25","CD45RA",-0.989619634150897,1.44033527287273e-38
"53","CD45RA",0.568549421276948,4.51487435593556e-44
"54","CD45RA",0.391397668319502,3.44682895650617e-20
"55","CD45RA",0.756919974683176,2.31139327961048e-54
"94","CD45RA",1.24950465454336,0
"85","CD45RA",1.39173645163731,1.6697028906981e-258
"71","CD45RA",-0.314883554702241,1.542114090009e-11
"72","CD45RA",0.604454589578155,2.07426672650443e-50
"42","CD45RA",-0.644628775597628,2.04808904347418e-47
"61","CD45RA",-0.289508855167435,1.91620252217843e-20
"3","CD45RA",-0.347479603745936,1.11933657575562e-31
"31","CD45RA",-0.51777620789939,3.08392995815845e-51
"92","CD45RA",-0.219833520539644,3.79978210559867e-05
"32","CD45RA",-0.812764271257648,7.74087580001317e-134
"14","CD45RA",-1.05044300986465,3.38933197264662e-170
"24","CD45RA",-0.823488771543074,1.80734707023824e-80
"82","CD45RA",0.0891820008523521,0.009786573194022
"13","CD45RA",-0.750611810428879,1.01013448988607e-128
"21","CD45RA",0.0318589239838549,0.352660127855166
"4","CD45RA",-0.393125557668927,6.52439755628968e-46
"12","CD45RA",-0.259629113760913,5.36591555893583e-18
"22","CD45RA",-0.370840257665621,1.05195818859163e-32
"23","CD45RA",-0.571623556306202,2.75412940059745e-99
"1","CD45RA",-1.07225935466142,1.26212746510868e-227
"33","CD45RA",-0.386567995021863,1.79615332852457e-26
"2","CD45RA",-1.35606113648673,7.95775908458014e-241
"43","CD45RA",-1.13951757567013,1.02223507988947e-79
"34","CD45RA",-0.890211506933497,6.41105171545333e-102
"41","CD45RA",-0.788255776614425,4.04706291463547e-59
"11","CD45RA",-1.32414405151063,6.81996228766725e-284
"51","CD45RA",0.0725373960615556,0.0267885806807484
"91","CD45RA",0.0345261220290136,0.226974714265324
"81","CD45RA",0.0867980827400863,0.00326702814589213
"98","CD133",-1.0240955951541,3.2357763667822e-22
"88","CD133",-0.715610329240843,2.15717758932332e-10
"89","CD133",-0.235057404496281,0.00211069160390199
"99","CD133",0.263198192545953,1.81519306104138e-05
"90","CD133",-0.683741920050914,1.39562782198164e-21
"80","CD133",-0.169860972838381,0.633455765303513
"100","CD133",0.3375347125954,8.51001534622255e-08
"96","CD133",0.180469288965414,0.0207418886750646
"95","CD133",0.793237309274964,3.92486867572195e-25
"87","CD133",0.606739531176017,2.00145180404892e-16
"97","CD133",0.310085594879658,0.0173514241399705
"86","CD133",1.08524723799937,1.00445113036733e-27
"44","CD133",-0.619156342037618,8.53663604355464e-05
"45","CD133",-0.606553029066042,1.33819349560812e-06
"30","CD133",0.41282969009368,1.55704537924359e-10
"20","CD133",0.431403219440666,9.87893560777052e-10
"27","CD133",-0.218041176351965,0.0363385791730717
"39","CD133",0.478596394738009,8.7096046770496e-16
"9","CD133",-3.94822593155522,0
"29","CD133",-0.0274876465097478,0.63276858025365
"7","CD133",0.243158668030561,1.65760770499269e-05
"5","CD133",-0.0520628876919931,0.460736121964227
"28","CD133",0.00699026580577478,0.896735763794967
"19","CD133",-2.7854467130626,3.64972852822836e-102
"26","CD133",-0.093370854673128,0.143344495428375
"17","CD133",-0.538195459267072,1.90657304119346e-14
"37","CD133",-0.206986093267874,0.0110136956486636
"16","CD133",-0.260447063198377,8.00288370160786e-05
"18","CD133",-3.66037806309647,9.60875844689752e-300
"6","CD133",-1.01536719999111,1.06448550851357e-24
"49","CD133",0.86705766753273,1.41529355792922e-45
"8","CD133",-5.54096897206067,0
"15","CD133",-0.247875429056934,0.661374166107863
"36","CD133",-0.304771378383504,0.00014609651571784
"35","CD133",0.60979478185483,0.690546890249655
"66","CD133",0.23951453410869,0.486399461848079
"38","CD133",0.282027837411005,0.000309100428712985
"77","CD133",0.822623307092298,2.71078632772956e-34
"10","CD133",-4.17985951311956,1.64905278743725e-318
"48","CD133",0.943004498276096,5.24969318226097e-32
"78","CD133",0.808723050647609,7.13863662722793e-37
"40","CD133",1.10293730889033,1.38376492866638e-43
"46","CD133",0.511070162079764,6.97691774038412e-10
"50","CD133",1.03040987961869,1.25336427221402e-39
"68","CD133",1.26581897450502,1.21792398437037e-58
"57","CD133",0.676508192005441,3.70904504270593e-22
"58","CD133",0.820497237910533,2.10103436347465e-25
"60","CD133",-2.73204526440399,1.66445509045265e-147
"47","CD133",0.577994330183258,3.195432810195e-11
"69","CD133",-2.93194109172292,8.39154503997937e-177
"56","CD133",0.585536975305114,1.59285421264992e-14
"59","CD133",-2.37972980518833,6.4831752612666e-142
"67","CD133",-2.5280363379839,6.88138663922361e-67
"79","CD133",-3.04307525042721,1.03485811434525e-156
"70","CD133",-2.41635097750161,2.73460389732263e-200
"73","CD133",1.19217266531714,4.36498137322735e-65
"93","CD133",-2.15014017739054,2.42786114792674e-178
"74","CD133",1.00595110026878,1.79208973410827e-53
"63","CD133",1.01884629318134,3.15603740701038e-43
"62","CD133",0.661578406672088,1.84419151356777e-21
"84","CD133",1.06140783213154,1.75548562933906e-36
"52","CD133",0.57622686823192,1.18904047925011e-15
"76","CD133",0.298232013452982,0.000338662987849033
"65","CD133",1.08792854749564,4.96347356649291e-46
"83","CD133",1.06167833773873,9.35469007530254e-46
"75","CD133",-1.53977642901493,1.77824886847412e-32
"64","CD133",0.805355462846731,1.01197448535918e-30
"25","CD133",-0.764725977886983,1.73846430047421e-07
"53","CD133",0.613803392920353,4.63117864440156e-11
"54","CD133",0.378675796808124,4.65348813538734e-05
"55","CD133",0.588568186845904,1.19161184868701e-09
"94","CD133",-2.17197796401146,1.85199624904954e-168
"85","CD133",-2.04239139833314,2.84912429899742e-84
"71","CD133",-0.47363067981196,1.18559556481618e-05
"72","CD133",0.615861236002464,7.17679795357795e-11
"42","CD133",-0.0922679889905602,0.339010898618324
"61","CD133",-0.186814457875529,0.00558891857181808
"3","CD133",0.198278375463923,0.003335238212273
"31","CD133",0.0737089318104251,0.351662956200371
"92","CD133",0.106175112194804,0.359799214518185
"32","CD133",-0.108857158388532,0.132825097771402
"14","CD133",-0.521672723658918,3.24629285356392e-11
"24","CD133",-0.393620321807027,8.16408621008116e-06
"82","CD133",0.254307414738566,0.00154545614959042
"13","CD133",-0.221078084433625,0.00113459791101028
"21","CD133",0.670831817606432,3.34861192378367e-17
"4","CD133",0.437537817897088,1.12785107455507e-11
"12","CD133",0.37800335834007,9.08718232358711e-09
"22","CD133",0.250507752560343,0.000429180204756688
"23","CD133",0.327279803235076,1.16448233186514e-07
"1","CD133",-2.68199444796574,9.42235740704379e-192
"33","CD133",0.297274992748466,0.000176146587128194
"2","CD133",-3.78234978283276,2.13654369796899e-194
"43","CD133",-0.712025752395724,2.60424811561947e-10
"34","CD133",-0.209734993384387,0.0165763287532146
"41","CD133",-3.61764504846308,5.30770217659202e-123
"11","CD133",-3.27917728864142,1.37488758692551e-238
"51","CD133",-0.888241333512405,2.36896146107982e-25
"91","CD133",-2.77725713949484,3.92264925427546e-225
"81","CD133",-3.04510954284401,9.64437101454075e-252
"98","CD19",-3.16744264353849,0
"88","CD19",-3.04804408737176,1.16889014886997e-318
"89","CD19",-2.54048065244159,0
"99","CD19",-2.33961522807357,0
"90","CD19",-3.1581275977476,0
"80","CD19",-2.69624325159574,5.62715871631419e-28
"100","CD19",-2.17140178469583,0
"96","CD19",-3.19783632939118,0
"95","CD19",-2.64091267576942,0
"87","CD19",-2.4997941298369,0
"97","CD19",-3.05325206929163,3.5711388706084e-212
"86","CD19",-2.73540858833877,5.16928640747442e-309
"44","CD19",-0.0618863031916952,0.676044508411019
"45","CD19",-3.03916327618074,6.14245826366041e-223
"30","CD19",-1.82018312804295,0
"20","CD19",-1.9426231199325,0
"27","CD19",-2.25758437633831,4.26203845572647e-198
"39","CD19",-1.94946676060987,0
"9","CD19",-5.01347031273738,0
"29","CD19",-2.32655613339081,0
"7","CD19",-2.21236284979711,0
"5","CD19",-2.43324066981482,0
"28","CD19",-2.50305556283196,0
"19","CD19",-4.36038273834241,0
"26","CD19",-2.27300082043751,0
"17","CD19",-2.70782474001827,0
"37","CD19",-2.44714054455457,0
"16","CD19",-2.48968162049332,0
"18","CD19",-4.45684270421662,0
"6","CD19",-3.2383620422637,0
"49","CD19",-1.56472559828375,0
"8","CD19",-5.79369266474354,0
"15","CD19",-2.77239596124934,5.45514567924154e-09
"36","CD19",-2.70413763787414,0
"35","CD19",-2.89537243071862,0.00524023941489802
"66","CD19",-1.40056923683165,3.50049389869947e-08
"38","CD19",-2.25529316461837,0
"77","CD19",-1.61017550390639,3.19976674872625e-319
"10","CD19",-4.87828973079732,0
"48","CD19",-1.68190483058768,1.89112228181146e-263
"78","CD19",-1.59874653768529,0
"40","CD19",-1.22748667518842,5.59573093716216e-147
"46","CD19",-1.75583483450959,4.42320894672969e-234
"50","CD19",-1.41538000808738,5.29155057935038e-190
"68","CD19",-1.18332107809577,1.46574136476662e-159
"57","CD19",-1.6438194144689,0
"58","CD19",-1.59266001650273,2.18833874166033e-245
"60","CD19",-4.36477251446885,0
"47","CD19",-1.93500538943597,1.17317138415052e-239
"69","CD19",-4.05923138466818,0
"56","CD19",-1.80971446587662,1.27338949554331e-293
"59","CD19",-4.04284197603323,0
"67","CD19",-3.98172930986373,0
"79","CD19",-3.8412678871987,0
"70","CD19",-3.97808521304677,0
"73","CD19",2.11646987290038,0
"93","CD19",1.97218219923219,0
"74","CD19",2.02202262096721,0
"63","CD19",2.26953773023671,0
"62","CD19",1.96843182602742,0
"84","CD19",1.94645278682574,0
"52","CD19",1.95060922700422,0
"76","CD19",1.78724359072874,0
"65","CD19",2.09633881049471,0
"83","CD19",1.99051682783652,0
"75","CD19",2.13091700996531,4.66365776054878e-311
"64","CD19",2.01362916190768,0
"25","CD19",-2.77332322846717,1.53343438413187e-115
"53","CD19",1.98589612222428,0
"54","CD19",1.97353576499655,0
"55","CD19",2.03048773052523,1.68292006816051e-310
"94","CD19",2.08828828215373,0
"85","CD19",1.9739589209097,0
"71","CD19",1.64274464027642,1.59629720229361e-230
"72","CD19",1.77344301783216,0
"42","CD19",-2.50102848286911,2.55507830543353e-247
"61","CD19",1.70654290009845,0
"3","CD19",-1.89991269320845,0
"31","CD19",-2.39002466490292,0
"92","CD19",1.64396818113374,2.90262404113098e-172
"32","CD19",-2.1683239195899,0
"14","CD19",-2.79311861474459,0
"24","CD19",-2.44716728269198,2.90858429926875e-296
"82","CD19",1.68215061072908,0
"13","CD19",-2.3376442629309,0
"21","CD19",-1.60756737520037,4.73702788424595e-206
"4","CD19",-1.87802610521162,0
"12","CD19",-1.72726585685952,0
"22","CD19",-1.90364086938715,0
"23","CD19",-2.13254672784263,0
"1","CD19",-3.35016510873873,0
"33","CD19",-1.82271617077912,1.11581659609943e-257
"2","CD19",-4.7924799733945,0
"43","CD19",-2.83470160981366,4.70389357662009e-278
"34","CD19",-2.44253974885044,0
"41","CD19",-4.91268882628472,0
"11","CD19",-3.13903074340113,0
"51","CD19",-3.30840980369913,0
"91","CD19",1.81491068862,0
"81","CD19",1.99304504051148,0
"98","CD22",-2.79498742550621,3.41308300690699e-245
"88","CD22",-2.77847906448005,1.42000919337695e-224
"89","CD22",-2.16282573775014,2.20504286705669e-302
"99","CD22",-1.85485005112357,0
"90","CD22",-3.02906300447907,0
"80","CD22",-2.2904370237424,2.81217879310486e-15
"100","CD22",-1.75295046495551,0
"96","CD22",-2.62878416614221,1.05690522958359e-318
"95","CD22",-2.31385816477666,7.37460564598412e-317
"87","CD22",-1.90623816637657,1.27859639858427e-264
"97","CD22",-1.70376998938393,8.55346363499714e-75
"86","CD22",-2.28558166405971,3.45022131051656e-183
"44","CD22",-0.737121264822516,3.46221277329823e-09
"45","CD22",-2.4773658143337,9.41943822778866e-141
"30","CD22",-1.65955596429033,3.52149492696541e-278
"20","CD22",-1.52131217046964,1.21030566860401e-204
"27","CD22",-2.15491769204304,9.06521707199785e-152
"39","CD22",-1.72862523965398,3.74007693901824e-319
"9","CD22",-7.0550014385595,0
"29","CD22",-2.20885412268853,0
"7","CD22",-1.79555030715387,0
"5","CD22",-2.02445443226977,0
"28","CD22",-2.09607845616569,0
"19","CD22",-6.21391206213364,0
"26","CD22",-1.9114857197133,0
"17","CD22",-2.70394684162284,0
"37","CD22",-2.02983866865946,1.09587852641231e-243
"16","CD22",-2.210994686226,0
"18","CD22",-10.2696174278184,0
"6","CD22",-3.28219168075465,0
"49","CD22",-1.18578237403101,6.13918384173487e-192
"8","CD22",-8.99710857615153,0
"15","CD22",-1.56204261939268,8.23241166084394e-05
"36","CD22",-2.33556038257975,0
"35","CD22",-0.587802104753318,0.489379779197124
"66","CD22",-0.802585734097046,0.000202527451523815
"38","CD22",-1.86487916103726,8.23031264959237e-224
"77","CD22",-1.23172496125592,6.73641892585156e-173
"10","CD22",-8.48374811253262,0
"48","CD22",-1.27900179944411,6.73768042262802e-139
"78","CD22",-1.10871292931505,1.57596370733279e-149
"40","CD22",-0.995188268614682,3.72033509858638e-83
"46","CD22",-1.46328555880263,6.17879747527276e-138
"50","CD22",-0.928746328675005,2.29184562929957e-74
"68","CD22",-0.883142087804307,1.43836932941218e-75
"57","CD22",-1.29090627748586,4.94897821823554e-175
"58","CD22",-1.30358968176374,3.97202015878464e-132
"60","CD22",-5.25844343586597,0
"47","CD22",-1.29482246458402,5.21907568141248e-107
"69","CD22",-4.5990848418721,0
"56","CD22",-1.34335530935373,1.04633194988844e-154
"59","CD22",-4.8288009101721,0
"67","CD22",-5.12092139345367,0
"79","CD22",-5.37662334844846,0
"70","CD22",-4.62529093200745,0
"73","CD22",2.01756140664027,0
"93","CD22",2.5626767613931,0
"74","CD22",2.55715902542898,0
"63","CD22",2.63563965889114,0
"62","CD22",2.47853536646611,0
"84","CD22",1.89534448136185,7.50686937368063e-258
"52","CD22",2.43249843389159,0
"76","CD22",1.70893333194956,1.39887357959513e-197
"65","CD22",2.00856439203065,5.57326132454737e-309
"83","CD22",2.42827755454447,0
"75","CD22",2.54894716629378,4.59451450116955e-254
"64","CD22",1.7205733336579,5.01363096662105e-256
"25","CD22",-2.329239941585,6.79434117945617e-89
"53","CD22",2.30487136176207,3.86976860222983e-311
"54","CD22",2.16448820399022,8.9590449733151e-248
"55","CD22",1.94976056145096,3.3032025589357e-143
"94","CD22",2.61916998557348,0
"85","CD22",1.72052762926711,9.04474827655111e-192
"71","CD22",-0.303447416937934,4.99816435610929e-05
"72","CD22",1.04827688564672,2.71086556328876e-58
"42","CD22",-2.06556274909327,3.17988148330364e-158
"61","CD22",-0.50103020807473,1.22257256279412e-36
"3","CD22",-1.40215047425324,2.18996162397277e-177
"31","CD22",-1.6911412539561,3.59563197955194e-197
"92","CD22",-1.15234991651489,1.14652024921888e-59
"32","CD22",-1.86117909239898,1.57624174160884e-280
"14","CD22",-2.45257814581799,0
"24","CD22",-1.76000502760054,1.7071808576386e-171
"82","CD22",-0.126598054137074,0.0127256217901896
"13","CD22",-1.86799519868053,0
"21","CD22",-0.900132930457124,3.17463704416292e-64
"4","CD22",-1.21105821827091,1.19958198278265e-176
"12","CD22",-1.18245372049575,1.72233209374475e-159
"22","CD22",-1.25474406697806,1.12810235842455e-159
"23","CD22",-1.46467195020269,4.12964029517806e-271
"1","CD22",-2.48237518878839,0
"33","CD22",-1.22273315689612,2.58862667822487e-109
"2","CD22",-3.66236976680767,0
"43","CD22",-2.22919957923107,3.78378340436165e-168
"34","CD22",-1.51919400454472,4.91932319695325e-141
"41","CD22",-4.99562886199841,0
"11","CD22",-2.25784148932776,0
"51","CD22",-2.28689793760574,5.25796973948037e-303
"91","CD22",-0.358964730286897,6.9751063485991e-20
"81","CD22",-0.27345880084011,9.51090857529056e-11
"98","CD11b",0.819633997670124,8.60096279590224e-53
"88","CD11b",0.148395551854927,0.0164101287569744
"89","CD11b",0.199233141790411,8.47182368730717e-09
"99","CD11b",-0.198980622256494,2.96649039753105e-11
"90","CD11b",-0.184663741314143,6.3205484737862e-10
"80","CD11b",-0.685549818550348,0.00120031293490696
"100","CD11b",-0.000529180037344812,0.985561901622924
"96","CD11b",-2.51118326588075,0
"95","CD11b",-2.07625543464989,0
"87","CD11b",-1.92988991983408,0
"97","CD11b",-1.68264394497045,4.17990084069305e-95
"86","CD11b",-2.07071816472912,5.96691680504234e-211
"44","CD11b",-1.8520821539279,1.71888012813054e-59
"45","CD11b",-2.19033161573714,1.08822369367444e-155
"30","CD11b",-1.20341924493545,5.73155273037043e-228
"20","CD11b",-1.18024246829431,8.95720272112259e-206
"27","CD11b",-1.73558813306419,1.78045503839573e-142
"39","CD11b",-1.14643280185958,2.92363920421856e-244
"9","CD11b",-3.23450674944601,0
"29","CD11b",-1.63322692631078,0
"7","CD11b",-1.40177758587219,0
"5","CD11b",-1.69189674575477,0
"28","CD11b",-1.69124155104403,0
"19","CD11b",-3.36626826899607,0
"26","CD11b",-1.52254467453413,0
"17","CD11b",-2.28673056226591,0
"37","CD11b",-1.79770766361889,1.81213075733462e-265
"16","CD11b",-1.9025438817717,0
"18","CD11b",-3.74460372598138,0
"6","CD11b",-2.54959330687705,0
"49","CD11b",-1.1488954761931,4.65350588165713e-234
"8","CD11b",-3.2872255798505,0
"15","CD11b",-0.116353783370813,0.831198529826346
"36","CD11b",-1.73408044864986,6.69370961877573e-296
"35","CD11b",-0.472131851095513,0.476167448596154
"66","CD11b",-1.37876110420402,3.49646844110148e-10
"38","CD11b",-1.73798967400594,1.40597771744129e-282
"77","CD11b",-0.997200589991823,6.72496428579189e-166
"10","CD11b",-3.8160916513716,0
"48","CD11b",-1.20610160495475,4.01044782352838e-168
"78","CD11b",-1.15266250847333,2.14571398724634e-226
"40","CD11b",-0.843085248580808,7.76300911876826e-89
"46","CD11b",-1.12432217573375,1.91247245706785e-126
"50","CD11b",-0.705270550212185,6.30332965094896e-69
"68","CD11b",-0.512913653725896,9.93313397017279e-43
"57","CD11b",-1.07744597715758,2.78139326540658e-171
"58","CD11b",-1.33979583124661,2.83314000952591e-192
"60","CD11b",-2.17877399895632,2.50867150515078e-304
"47","CD11b",-1.46948950949109,1.05330027548167e-162
"69","CD11b",-2.33346865059557,0
"56","CD11b",-1.40848782890655,5.81135983754276e-218
"59","CD11b",-3.18429033091139,0
"67","CD11b",-2.83557177093231,1.32314547604324e-212
"79","CD11b",-2.88617331236995,0
"70","CD11b",-2.93487827196718,0
"73","CD11b",-0.537679924740326,9.42859234028208e-57
"93","CD11b",-1.31627080499325,1.1739167045697e-314
"74","CD11b",-0.605270002539605,8.83580944970419e-83
"63","CD11b",-0.721921249804577,4.64384565553076e-81
"62","CD11b",-0.83284028737396,4.89307339986777e-132
"84","CD11b",-0.467525967299478,3.45259664599861e-35
"52","CD11b",-1.17145043811442,1.3988879693209e-223
"76","CD11b",-1.250368412922,1.64714947975624e-169
"65","CD11b",-0.579271022159272,2.4850254518869e-52
"83","CD11b",-0.471034958867574,1.91846380291053e-43
"75","CD11b",-1.86381636509313,7.8047410774171e-188
"64","CD11b",-1.02289056640371,4.55066211851679e-174
"25","CD11b",1.22841992217503,2.03476259269116e-86
"53","CD11b",-0.911155436228068,1.28982814463274e-90
"54","CD11b",-1.23135403472416,2.09170342184601e-129
"55","CD11b",-1.48403785999249,3.29443168124636e-148
"94","CD11b",-1.55561498859258,0
"85","CD11b",-1.62125023894299,1.39729578299078e-204
"71","CD11b",-2.02605465495832,1.13827224758535e-195
"72","CD11b",-1.27541048240884,7.60613565413388e-149
"42","CD11b",0.63709181351817,2.51702666434976e-33
"61","CD11b",-2.0919383304964,0
"3","CD11b",1.58991607811635,0
"31","CD11b",0.47862056660776,7.23777634456874e-31
"92","CD11b",-1.45318056713497,3.9717093492604e-107
"32","CD11b",1.72232273178154,0
"14","CD11b",1.19000436323779,2.25737530828294e-268
"24","CD11b",2.14448855286612,0
"82","CD11b",-1.3764991791597,4.57029092173011e-203
"13","CD11b",1.56643869067394,0
"21","CD11b",1.67651052341578,8.0462590099928e-242
"4","CD11b",2.02939227259568,0
"12","CD11b",2.00005799635567,0
"22","CD11b",2.08888572434018,0
"23","CD11b",2.08612535014469,0
"1","CD11b",2.31150452145693,0
"33","CD11b",1.98752339965275,0
"2","CD11b",1.86610355506823,0
"43","CD11b",1.12257594678369,4.08471946831398e-110
"34","CD11b",1.95485595931833,0
"41","CD11b",0.528577577645462,2.34452681550885e-23
"11","CD11b",2.49004670296282,0
"51","CD11b",-2.44447357310929,0
"91","CD11b",-3.62713979421655,0
"81","CD11b",-3.83763758057639,0
"98","CD4",-1.96101814069656,1.01377533760507e-163
"88","CD4",-1.70753184649927,5.4616475352322e-95
"89","CD4",-2.04664024634396,8.29303844032136e-291
"99","CD4",-1.89379367934454,0
"90","CD4",-2.82548659878947,0
"80","CD4",-2.16339575710207,2.49266472746047e-17
"100","CD4",-1.7009396456253,3.64218375929707e-309
"96","CD4",-2.79920327750522,0
"95","CD4",-2.40224975840189,0
"87","CD4",-2.84548238286704,0
"97","CD4",-1.84858817554395,2.20989763778238e-78
"86","CD4",-1.96652123801425,1.41324397766544e-139
"44","CD4",-0.968390986446034,5.41208106503314e-17
"45","CD4",0.931302421427403,8.22860961758519e-35
"30","CD4",1.39124906695743,5.45231084124566e-319
"20","CD4",1.45456887956038,3.43668722398062e-268
"27","CD4",1.44323817642465,2.08060307613831e-124
"39","CD4",1.47015852878934,0
"9","CD4",1.72870145427122,0
"29","CD4",1.24974510437426,0
"7","CD4",1.48404790901595,0
"5","CD4",1.30837196525235,2.09120192463132e-252
"28","CD4",1.40577699753945,0
"19","CD4",1.63808865571945,4.96907694673263e-250
"26","CD4",1.54490084731412,0
"17","CD4",1.32222494272403,1.63572272679945e-262
"37","CD4",1.24737791848495,1.69829471814876e-183
"16","CD4",1.35135273627679,4.98394509901717e-309
"18","CD4",1.79043751546587,0
"6","CD4",1.88752361882595,3.78840901024466e-269
"49","CD4",-0.98903125401169,2.93530615917957e-116
"8","CD4",1.95524505943505,0
"15","CD4",1.19879755758553,0.000484314816608953
"36","CD4",1.33345200784539,2.9992338038872e-219
"35","CD4",0.828469383130158,0.308349027948961
"66","CD4",-1.31515853618425,1.49908609488943e-07
"38","CD4",-1.6550990281214,3.45034228801499e-185
"77","CD4",-0.974506099283283,6.54053191581748e-106
"10","CD4",1.63192574653208,0
"48","CD4",-0.928468076171749,4.2182440410591e-70
"78","CD4",-1.19271513057237,4.18774596178513e-138
"40","CD4",-0.601521613091059,4.13048359791637e-23
"46","CD4",-1.15727769494312,5.73216403004672e-90
"50","CD4",-0.84273679901594,2.1063580788055e-58
"68","CD4",-0.443014287759707,7.9464711510519e-16
"57","CD4",-1.26184349348232,8.49372653035819e-148
"58","CD4",-0.813054966183761,1.98499399815738e-48
"60","CD4",-3.10695634344238,0
"47","CD4",-1.43188062752622,7.54404217137979e-112
"69","CD4",-3.18405808855799,0
"56","CD4",-1.29030697229033,2.25362294062701e-132
"59","CD4",-3.12104694846353,0
"67","CD4",-3.25618949742359,1.49491805040512e-213
"79","CD4",-3.72256052538691,0
"70","CD4",-3.12695815004314,0
"73","CD4",-1.18454617658016,6.46075041697386e-142
"93","CD4",-3.94106570821379,0
"74","CD4",-1.48322971079474,1.78747682023916e-210
"63","CD4",-1.66017723133606,3.5419043191401e-205
"62","CD4",-1.64621890754524,1.18187812301777e-250
"84","CD4",-1.21399353789061,1.09848072964098e-114
"52","CD4",-1.99525412072911,2.43574363399735e-320
"76","CD4",-1.79341592978088,5.85819337393e-177
"65","CD4",-1.34233301286263,1.89961854874627e-141
"83","CD4",-1.20414355114174,9.90668170046801e-133
"75","CD4",-5.26423446333229,0
"64","CD4",-1.66958958503791,1.58045917125331e-223
"25","CD4",-0.758304060774175,1.80002575091159e-19
"53","CD4",-1.91827908237018,5.00367809088136e-187
"54","CD4",-2.1599465421472,4.3308032958253e-210
"55","CD4",-2.09278097236027,8.4553078600063e-161
"94","CD4",-4.60855550103391,0
"85","CD4",-4.04427290242282,0
"71","CD4",-2.8929450354171,1.43550042398158e-212
"72","CD4",-1.78660570834698,6.93933902474549e-172
"42","CD4",-1.09178193346758,1.35174726292774e-66
"61","CD4",-2.56781001352618,0
"3","CD4",-0.628370380896312,3.20482117211716e-40
"31","CD4",-1.05643377491557,1.17651887869038e-100
"92","CD4",-2.04700030424233,1.32581629405129e-108
"32","CD4",-0.906598036569235,5.59098083651713e-96
"14","CD4",-1.36819639105596,2.98537894810478e-171
"24","CD4",-0.911458976328722,1.92967908038777e-63
"82","CD4",-2.11301262388257,1.85847553127675e-257
"13","CD4",-0.927108974002318,1.38739141371781e-117
"21","CD4",-0.146396991287295,0.00177567209829329
"4","CD4",-0.391735621675378,6.32483990154252e-28
"12","CD4",-0.280196735686375,2.80518815709585e-14
"22","CD4",-0.317912549986944,3.49199570493335e-17
"23","CD4",-0.570086366603663,7.64685320205103e-57
"1","CD4",-0.0985485653585711,0.0031197228703409
"33","CD4",-0.400607480742858,3.89181688065911e-18
"2","CD4",-1.10856985557749,6.0674356824003e-136
"43","CD4",-1.48961594605196,9.61561035716592e-100
"34","CD4",-0.824246013219674,1.00834967285047e-55
"41","CD4",-1.47685845638078,2.50748004248674e-118
"11","CD4",-0.332585361090022,4.86030756064571e-20
"51","CD4",-0.290675198813569,1.16190320884839e-10
"91","CD4",-6.4759543786697,0
"81","CD4",NA,0
"98","CD8",-3.6191978046708,0
"88","CD8",-3.67309435407769,0
"89","CD8",-0.99527889754057,9.84569071551526e-81
"99","CD8",-0.738701905349539,4.54219180413422e-71
"90","CD8",-0.778859382393377,7.08399938089058e-79
"80","CD8",1.92783244251521,1.21885588781688e-21
"100","CD8",0.0485889112748832,0.260736659374159
"96","CD8",-3.17571814265305,0
"95","CD8",-3.01620214953918,0
"87","CD8",-3.35192353227797,0
"97","CD8",-3.19877523092417,3.90187244139397e-251
"86","CD8",-2.81569096270098,0
"44","CD8",-3.15046345227576,5.17420032690116e-113
"45","CD8",-0.851192889812304,1.83530243376179e-22
"30","CD8",-1.68326222355856,0
"20","CD8",-1.61438929912697,6.0336942812277e-296
"27","CD8",-1.46880325439535,2.44472206929312e-73
"39","CD8",-1.45755082992204,3.96839976647088e-297
"9","CD8",-2.47322897298321,0
"29","CD8",-2.10973836162839,0
"7","CD8",-1.83503161099311,0
"5","CD8",-1.82081482487115,0
"28","CD8",-1.92675112811792,0
"19","CD8",-2.57899936259968,0
"26","CD8",-1.77112342714187,0
"17","CD8",-2.30939573050725,0
"37","CD8",-2.10200291608912,0
"16","CD8",-2.08736833049225,0
"18","CD8",-2.48203737980888,0
"6","CD8",-2.22094127621142,0
"49","CD8",2.10223940273111,0
"8","CD8",-2.25088625353529,0
"15","CD8",-1.99659683285331,0.000246266678834153
"36","CD8",-1.96369567962629,3.64126023214752e-305
"35","CD8",-1.16011051980988,0.293110018128234
"66","CD8",1.27014514001443,1.59779448891113e-11
"38","CD8",1.71449007814211,0
"77","CD8",2.22845423909822,0
"10","CD8",-2.58081175529571,0
"48","CD8",2.28906857356134,0
"78","CD8",2.16390174438814,0
"40","CD8",2.01985127643833,0
"46","CD8",2.16690819987374,0
"50","CD8",2.0918635426933,0
"68","CD8",2.2143508956766,0
"57","CD8",2.15418168407205,0
"58","CD8",2.14671182259924,0
"60","CD8",2.30958008602223,0
"47","CD8",2.04159536080901,0
"69","CD8",2.18465329915292,0
"56","CD8",2.23097028657885,0
"59","CD8",2.32629793033522,0
"67","CD8",2.35980606924639,0
"79","CD8",1.89538361633941,0
"70","CD8",2.20878004645003,0
"73","CD8",-1.81608675744634,0
"93","CD8",-4.42875050144248,0
"74","CD8",-2.37210772240536,0
"63","CD8",-2.23320870455765,0
"62","CD8",-2.35174684590279,0
"84","CD8",-1.94264970129447,1.12232544531657e-304
"52","CD8",-2.882599350605,0
"76","CD8",-2.80843893942667,0
"65","CD8",-2.29036101552719,0
"83","CD8",-1.95353971304501,0
"75","CD8",-5.32005228593642,0
"64","CD8",-2.1996703262069,0
"25","CD8",-3.9659807728305,2.98391570452235e-221
"53","CD8",-2.6543294799344,0
"54","CD8",-2.73837616381505,0
"55","CD8",-2.82403033510176,0
"94","CD8",-5.26345403574299,0
"85","CD8",-4.33430715930621,0
"71","CD8",-4.13616697007698,0
"72","CD8",-2.42003548292965,0
"42","CD8",-2.97587296278154,0
"61","CD8",-3.67002446323433,0
"3","CD8",-2.44022656629403,0
"31","CD8",-2.82689375161759,0
"92","CD8",-3.453304931293,0
"32","CD8",-2.99146227926509,0
"14","CD8",-3.31750489641898,0
"24","CD8",-3.3125727367875,0
"82","CD8",-2.98246409272784,0
"13","CD8",-2.6385149090804,0
"21","CD8",-2.04665928613326,6.90655557621457e-312
"4","CD8",-2.37007158908841,0
"12","CD8",-2.26023297842227,0
"22","CD8",-2.57058593996197,0
"23","CD8",-2.70414936539015,0
"1","CD8",-3.14183627908879,0
"33","CD8",-2.42004773720767,0
"2","CD8",-3.60897025915789,0
"43","CD8",-3.90857679504988,0
"34","CD8",-2.90834538450263,0
"41","CD8",-4.15338634450476,0
"11","CD8",-3.65468731481431,0
"51","CD8",-3.76856245309374,0
"91","CD8",-8.63379787895731,0
"81","CD8",-9.72210028951972,0
"98","CD34",-0.369899712400185,1.36224869391235e-08
"88","CD34",-0.616880144956107,4.47318327163717e-18
"89","CD34",-1.06544648749029,1.76425363644719e-87
"99","CD34",-0.975788707240889,5.36565512045076e-115
"90","CD34",-1.55225103328615,4.09952871898723e-230
"80","CD34",-1.78545877446442,2.40557796382283e-12
"100","CD34",-0.773832667306579,8.45690972102431e-70
"96","CD34",3.28980549669789,0
"95","CD34",3.28853029547365,0
"87","CD34",3.22234041105103,0
"97","CD34",2.91153657073856,3.61711801177494e-202
"86","CD34",3.37690430656699,0
"44","CD34",-0.42868444779948,0.000383590390415516
"45","CD34",-1.3196966364922,4.2291826569382e-42
"30","CD34",-0.498470505162268,1.20937816776957e-31
"20","CD34",-0.574303168264658,4.86489586861668e-36
"27","CD34",-0.928634534907729,9.52696086559619e-36
"39","CD34",-0.39237801120471,7.50239160311125e-23
"9","CD34",-2.20305175180919,0
"29","CD34",-0.970808901684512,2.91592025236023e-131
"7","CD34",-0.7184298832122,2.67046895001724e-80
"5","CD34",-0.940513187218545,3.89997225527727e-94
"28","CD34",-0.824792311328257,9.91884247513336e-105
"19","CD34",-2.35924347137036,3.08772621040507e-208
"26","CD34",-0.865231201534781,6.33021273427652e-93
"17","CD34",-1.26700733589786,2.7324661121201e-149
"37","CD34",-1.13598598467847,1.55149717525271e-91
"16","CD34",-1.18927819464436,6.26125744585907e-140
"18","CD34",-2.30041635006759,0
"6","CD34",-1.70962639532847,8.304328478866e-147
"49","CD34",-0.372450888430778,1.64541877913679e-20
"8","CD34",-2.42104815735464,0
"15","CD34",-0.621228357487911,0.268274602848574
"36","CD34",-1.15060726630442,2.01399751678312e-101
"35","CD34",0.771257809678002,0.249025399154666
"66","CD34",-1.65273236615922,3.00250676269036e-11
"38","CD34",-0.96215303398264,1.01424579492184e-73
"77","CD34",-0.500592904621037,8.35348656425613e-30
"10","CD34",-2.49848801797347,0
"48","CD34",-0.521957973456239,3.50074821785173e-26
"78","CD34",-0.485184199296105,4.09023067280326e-31
"40","CD34",-0.0664841983288187,0.181927261142641
"46","CD34",-0.698980526220451,1.4526381927092e-35
"50","CD34",-0.147228709172082,0.00317217675057558
"68","CD34",0.0148272266936722,0.757025197222089
"57","CD34",-0.539069872152399,1.86221665958172e-35
"58","CD34",-0.405071601540159,1.84754993754208e-15
"60","CD34",-1.89584480469326,3.97387427298956e-268
"47","CD34",-0.699397139725527,7.24858737592142e-30
"69","CD34",-2.01676590196519,6.77799699342298e-254
"56","CD34",-0.880063043965585,2.64952268140836e-65
"59","CD34",-2.0884941114086,0
"67","CD34",-2.50205367484482,1.07807695798068e-164
"79","CD34",-1.87235285121583,1.42379805026696e-202
"70","CD34",-1.82605471007202,0
"73","CD34",0.866732594480656,1.37824586397906e-84
"93","CD34",-1.16279524712203,5.7046834489364e-148
"74","CD34",0.0437127047303156,0.303104693880246
"63","CD34",0.598864856425567,1.63122227305174e-38
"62","CD34",0.520893549866416,2.78741118342909e-36
"84","CD34",0.182809752245039,0.000193301042634676
"52","CD34",-0.069574891439268,0.107700736797626
"76","CD34",-0.170991807391983,0.00104179746850874
"65","CD34",0.0276961262922106,0.561701953424109
"83","CD34",0.732962237683028,9.34654068632417e-58
"75","CD34",-1.80576993230619,5.21737931278223e-112
"64","CD34",0.531417374254823,5.3313008395077e-36
"25","CD34",-1.3400292372256,4.54885968220312e-34
"53","CD34",-0.458134654900544,3.88480404963005e-15
"54","CD34",0.0319117854129609,0.561404644525731
"55","CD34",-0.16432813086973,0.00758119393540296
"94","CD34",-1.54171789660093,6.80171099344302e-238
"85","CD34",-1.29986308430949,1.24713390448199e-98
"71","CD34",-0.28697053475017,0.00595762190104174
"72","CD34",0.633102218213577,4.42489606240226e-33
"42","CD34",-0.21135902533833,0.00096238078692972
"61","CD34",0.115925902217377,0.120964912682018
"3","CD34",-0.415955324323311,8.02030648433563e-20
"31","CD34",-0.150177406824372,0.00340794162483506
"92","CD34",0.304642153943495,0.0172744362626903
"32","CD34",-1.0004877517231,1.72997019720257e-87
"14","CD34",-1.2597693126323,4.6414262362729e-122
"24","CD34",-1.48378850346586,2.76458182275795e-116
"82","CD34",0.238143727115893,0.00237379323408739
"13","CD34",-0.920233204236937,4.02981197538803e-90
"21","CD34",-0.168868624631179,0.00128349109426023
"4","CD34",-0.571867595140154,1.89716219993988e-40
"12","CD34",-0.482579612639938,5.2404142709686e-27
"22","CD34",-0.78958310865823,1.68567262472602e-61
"23","CD34",-0.864442023448141,6.97991602440809e-92
"1","CD34",-1.85610925957883,1.71602290362329e-270
"33","CD34",-0.420064841174076,7.01643418748704e-16
"2","CD34",-2.19151220658119,1.86478891858372e-294
"43","CD34",-1.14526121813677,6.51295356784943e-53
"34","CD34",-1.25630256978619,3.38639971351179e-85
"41","CD34",-0.844181846744237,1.13785290457756e-39
"11","CD34",-2.48630304149659,0
"51","CD34",0.167962351435844,0.000318690074212341
"91","CD34",0.154628558081868,0.0709297240932496
"81","CD34",-0.370332618838409,2.58920151932954e-05
"98","Flt3",0.328747683447861,0.000293934261423502
"88","Flt3",0.0520183945750432,0.543762454720233
"89","Flt3",0.0601615550013364,0.45402250773948
"99","Flt3",0.0310558570906299,0.574634788687105
"90","Flt3",-0.663667207204259,1.05320792116576e-32
"80","Flt3",-1.0813218498299,6.0389708688619e-06
"100","Flt3",0.213331235927729,0.000167773258283395
"96","Flt3",-0.0610316617524918,0.323238759098351
"95","Flt3",-0.170060806523724,0.00456023935819953
"87","Flt3",-0.203023199181668,0.00240468194681031
"97","Flt3",0.75881822539277,9.42952822872689e-12
"86","Flt3",-0.608912046874477,2.47445952960204e-17
"44","Flt3",-0.0793245049615923,0.576374217633608
"45","Flt3",-0.0806615775010311,0.619933719049375
"30","Flt3",0.543381488737276,3.20629269220415e-17
"20","Flt3",0.549996792374732,1.17421073988199e-09
"27","Flt3",0.182825960611837,0.0961554798771998
"39","Flt3",0.539643786126343,2.8905417546275e-19
"9","Flt3",-0.980500793084958,1.61290737289638e-96
"29","Flt3",0.115702669285131,0.0170017766050162
"7","Flt3",0.262259461788196,1.23846547414124e-06
"5","Flt3",0.0607141629942536,0.413268961616657
"28","Flt3",0.146519730026225,0.000748367540212723
"19","Flt3",-1.11913603064151,2.61144456736372e-58
"26","Flt3",0.227437787189942,2.00856204533987e-05
"17","Flt3",-0.230841124366856,0.000204794124850998
"37","Flt3",0.0718511589984248,0.26224423385185
"16","Flt3",0.0542560772464329,0.437278781343396
"18","Flt3",-0.957147439701187,7.5128527540838e-84
"6","Flt3",-0.600460905188383,4.55133725685988e-17
"49","Flt3",0.62647909254184,6.03130274029153e-27
"8","Flt3",-0.989521856174171,3.96899059464913e-100
"15","Flt3",-0.571407899345402,0.437643917177613
"36","Flt3",-0.200054356447605,0.00153551016537503
"35","Flt3",-0.321428109114122,0.4556857806344
"66","Flt3",0.483817859888497,0.416811868708856
"38","Flt3",0.184970873171897,0.0294270473116328
"77","Flt3",0.545589124864524,1.25958748602026e-15
"10","Flt3",-1.04069793477443,9.39410130316394e-107
"48","Flt3",0.440224240010218,2.70707849382766e-10
"78","Flt3",0.316189329151163,1.29005524770329e-09
"40","Flt3",0.890249577570771,5.63732391582824e-28
"46","Flt3",0.175709901265165,0.00611024764407197
"50","Flt3",0.951096462546214,5.22717446588896e-22
"68","Flt3",1.05562671817957,3.58650860173709e-39
"57","Flt3",0.287391034466872,4.56031914888092e-08
"58","Flt3",0.58792448545659,2.44658798132081e-16
"60","Flt3",-1.0636090155117,3.81841890050951e-74
"47","Flt3",0.418699862602578,9.41371327149944e-07
"69","Flt3",-0.753726611761642,2.30193112062723e-38
"56","Flt3",0.130589905996534,0.0393250856641151
"59","Flt3",-0.975443677159,6.81937884357312e-81
"67","Flt3",-1.35295376102718,4.72170817773279e-54
"79","Flt3",-1.18884365779638,9.83752002560085e-77
"70","Flt3",-0.897589439351459,5.37067813929034e-80
"73","Flt3",0.639796737347475,1.29711679286212e-14
"93","Flt3",-0.950636107158196,3.59319331081822e-79
"74","Flt3",0.590360111360767,2.48438521693676e-14
"63","Flt3",0.161654836637455,0.0857885116926162
"62","Flt3",0.334442390670691,1.8463692485908e-06
"84","Flt3",0.712121223764867,2.32411630064169e-16
"52","Flt3",0.129191851629434,0.0577743856982452
"76","Flt3",0.279533495505824,0.0018153881935307
"65","Flt3",0.731269977194235,6.86445981935692e-14
"83","Flt3",0.879544849263376,6.9859697961275e-29
"75","Flt3",-1.22295540882785,1.79845741447277e-38
"64","Flt3",0.320513757001684,4.29869791934448e-06
"25","Flt3",-0.0465920777804651,0.854378998537141
"53","Flt3",0.139719663142955,0.106724216609073
"54","Flt3",-0.18789624857143,0.00983453905114962
"55","Flt3",-0.111541492818337,0.265080295219138
"94","Flt3",-1.13921109678503,4.14849042948506e-104
"85","Flt3",-1.05802149444173,3.88882313078051e-48
"71","Flt3",-0.440244684476634,1.724903779265e-08
"72","Flt3",0.185741628261162,0.0229134116007037
"42","Flt3",0.267559135602666,0.00668063981283908
"61","Flt3",-0.0830429425147701,0.236983211928964
"3","Flt3",0.168608957179572,0.018627158904092
"31","Flt3",0.359689000644702,2.64033353253673e-06
"92","Flt3",0.411259075801173,0.000806805450645276
"32","Flt3",-0.0149315896490885,0.848536555018153
"14","Flt3",-0.731842602035695,9.27440550021736e-25
"24","Flt3",-0.638986605245381,9.21536629774854e-11
"82","Flt3",0.148383549728798,0.0238665954975275
"13","Flt3",-0.0317228255706663,0.620546158532114
"21","Flt3",0.559849674073911,1.34895304812496e-12
"4","Flt3",0.381030883415052,1.92218299479207e-07
"12","Flt3",0.298312227993778,1.6887269296328e-06
"22","Flt3",0.232488074458288,0.0024728266136163
"23","Flt3",-0.0433691339225071,0.494743324957692
"1","Flt3",-1.51319525670963,3.74169806359651e-153
"33","Flt3",0.317886858923716,0.00105262823336637
"2","Flt3",-1.44502182396366,8.06261684751989e-82
"43","Flt3",-0.523925017200392,3.44368164740526e-06
"34","Flt3",-0.37309528168349,5.96392508785709e-05
"41","Flt3",-0.427158349305007,3.9068552427852e-09
"11","Flt3",-1.90802914007373,5.85566496515906e-222
"51","Flt3",0.426895103467912,5.3579811090377e-11
"91","Flt3",-0.857610195368342,3.53809585934614e-61
"81","Flt3",-0.985388269209039,1.6960857113313e-80
"98","CD20",-2.96111934129346,2.33328025532606e-296
"88","CD20",-2.86251636693036,7.52005172362372e-220
"89","CD20",-2.35001586492229,0
"99","CD20",-2.25284336319306,0
"90","CD20",-2.75608026736217,0
"80","CD20",-1.66969747593612,1.85541234069792e-14
"100","CD20",-2.01591963659243,0
"96","CD20",-3.35680435185073,0
"95","CD20",-3.01578103248175,0
"87","CD20",-2.64984012322132,0
"97","CD20",-2.76371582374593,7.99467938420414e-146
"86","CD20",-2.45077904310756,2.03339782118951e-227
"44","CD20",-0.980968562028643,5.95923647623744e-11
"45","CD20",-3.10733179429861,3.27668338079072e-204
"30","CD20",-1.83569225789506,3.95252516672997e-323
"20","CD20",-1.72827106673093,3.05236363663972e-266
"27","CD20",-2.46121666882027,7.75745795371286e-177
"39","CD20",-1.97486625127546,0
"9","CD20",-3.945750189957,0
"29","CD20",-2.52346583669955,0
"7","CD20",-2.03806921804675,0
"5","CD20",-2.50008959877938,0
"28","CD20",-2.36587849167713,0
"19","CD20",-4.43098507495983,0
"26","CD20",-2.09457106690557,0
"17","CD20",-2.99526792489117,0
"37","CD20",-2.49533294234024,0
"16","CD20",-2.54106096264263,0
"18","CD20",-4.2973143422079,0
"6","CD20",-3.25775452191942,0
"49","CD20",-0.922935500008458,6.90512557126245e-132
"8","CD20",-4.61864789938121,0
"15","CD20",-2.06936160053044,0.000304595101643631
"36","CD20",-2.59848061560646,0
"35","CD20",-1.85200840173387,0.0577932201991614
"66","CD20",-1.40466478405847,7.91098481309452e-09
"38","CD20",-1.40667647952853,3.97474946444033e-165
"77","CD20",-0.920076567912363,1.42644597844795e-118
"10","CD20",-4.48975720082391,0
"48","CD20",-1.08984903644818,3.54716157867879e-120
"78","CD20",-0.907502256338882,7.6921079501151e-123
"40","CD20",-0.704239301578799,1.1762615505775e-52
"46","CD20",-1.30760752174738,6.02225275171753e-131
"50","CD20",-0.751814534106389,3.01214472777006e-61
"68","CD20",-0.696784777245858,4.69905360963206e-59
"57","CD20",-1.0996675110922,2.03957859408288e-154
"58","CD20",-1.09218759360704,5.91892918446528e-124
"60","CD20",-1.53217186593409,3.91756229145966e-253
"47","CD20",-1.35216706943335,4.28259837434988e-122
"69","CD20",-1.44793079867556,4.31435811040295e-187
"56","CD20",-1.26665345041466,3.40404456376082e-151
"59","CD20",-1.52906170393994,1.01190846623e-305
"67","CD20",-1.90182882515954,1.05190529766756e-148
"79","CD20",-1.84905887658463,9.03453080588261e-256
"70","CD20",-1.49622081227174,0
"73","CD20",2.98470298108153,0
"93","CD20",1.16372478614159,1.92125474851391e-168
"74","CD20",1.54715948213423,4.10037996262718e-258
"63","CD20",3.09492866327028,0
"62","CD20",2.85572204359955,0
"84","CD20",1.72820532706306,7.66315986885047e-203
"52","CD20",2.48835082695511,0
"76","CD20",1.59646140242596,6.44890965048856e-164
"65","CD20",1.73182923894974,1.27689616057247e-236
"83","CD20",2.63113187565201,0
"75","CD20",0.840159971442607,1.86429570416753e-30
"64","CD20",2.97461705004534,0
"25","CD20",-2.95791858919133,5.05766920636884e-107
"53","CD20",1.22484557877735,5.30950094733244e-98
"54","CD20",2.79258382000561,0
"55","CD20",2.49565768419673,4.71501019088515e-191
"94","CD20",1.19924219712996,5.76621062754017e-168
"85","CD20",1.10284298380827,6.47564035350598e-83
"71","CD20",1.05569781493309,1.97017037968687e-21
"72","CD20",2.99948270699081,0
"42","CD20",-2.51294181900175,7.39346122144442e-199
"61","CD20",0.152561511212961,0.00641801054738786
"3","CD20",-2.28063867333762,0
"31","CD20",-2.49934576931325,0
"92","CD20",-1.63938677061166,2.3694909969898e-70
"32","CD20",-2.94589314467142,0
"14","CD20",-3.19121738687325,0
"24","CD20",-3.70694397238149,0
"82","CD20",0.810346634098976,3.00066807904849e-28
"13","CD20",-2.6645742108027,0
"21","CD20",-1.94466487182101,6.59978201661736e-203
"4","CD20",-2.34929406550232,0
"12","CD20",-2.35533181236132,0
"22","CD20",-2.37711077919366,0
"23","CD20",-2.61969593663629,0
"1","CD20",-6.31879877384911,0
"33","CD20",-2.27533182771507,9.1474887175289e-268
"2","CD20",NA,0
"43","CD20",-3.15253887870669,4.65182661769439e-254
"34","CD20",-3.05515238504019,0
"41","CD20",-5.89193617256296,0
"11","CD20",NA,0
"51","CD20",-3.28652570770952,0
"91","CD20",-1.00213691380495,1.74162140244503e-56
"81","CD20",-1.08608426092077,3.03617821089963e-65
"98","CXCR4",1.12281276168076,5.54703760277234e-71
"88","CXCR4",0.40703073179124,6.79285523161413e-10
"89","CXCR4",-1.051457756976,3.00717102919207e-156
"99","CXCR4",-1.10499432457547,1.3165380587433e-252
"90","CXCR4",-0.682006130595826,1.0863055881419e-126
"80","CXCR4",-0.18048341399219,0.20527642148134
"100","CXCR4",-1.17721016047023,4.74774626908093e-271
"96","CXCR4",0.320010751220225,1.02899638994453e-26
"95","CXCR4",-0.193030342513615,3.92484447845944e-09
"87","CXCR4",-0.582839701465362,3.25995574095464e-65
"97","CXCR4",1.14654599837602,2.96209949017207e-75
"86","CXCR4",-0.664462651475585,6.74222477746406e-53
"44","CXCR4",0.222264486952394,0.00986459740482788
"45","CXCR4",-1.02922247559163,2.09349149735036e-49
"30","CXCR4",0.0928066777054357,0.000564655771981832
"20","CXCR4",-0.367712230223822,1.51626294535286e-33
"27","CXCR4",-0.123756028376325,0.00662187157581816
"39","CXCR4",0.204096374869135,1.55315095386183e-15
"9","CXCR4",-0.00807413000819235,0.724899503969857
"29","CXCR4",-0.0448007247304432,0.0601468257654437
"7","CXCR4",-0.469926635583258,1.34116795223095e-77
"5","CXCR4",-0.956530537710186,3.93083031755644e-185
"28","CXCR4",0.0935603637597318,7.01449629307991e-05
"19","CXCR4",0.0336100767955498,0.317525846709009
"26","CXCR4",-0.0201126378573862,0.466414887939617
"17","CXCR4",-0.124606245443069,1.09171144577304e-05
"37","CXCR4",-0.0187926407516699,0.588053979332545
"16","CXCR4",-0.998799301170158,3.89091035517862e-206
"18","CXCR4",0.71580735652386,3.04859010391176e-201
"6","CXCR4",0.316782305378435,1.16403692459679e-15
"49","CXCR4",-0.298840607012914,1.71515852126935e-27
"8","CXCR4",0.124349377951393,1.22831492165577e-07
"15","CXCR4",-1.01523006314035,0.000963820949273842
"36","CXCR4",-0.532146266055531,2.12783527266951e-44
"35","CXCR4",-0.362951754989045,0.664240048838802
"66","CXCR4",-0.712128417895127,0.000529619147151171
"38","CXCR4",-0.892910803111922,5.2604656673529e-126
"77","CXCR4",-1.07098513179339,3.86149924190001e-208
"10","CXCR4",0.349104845610897,1.62795418589048e-57
"48","CXCR4",-0.444379829681185,6.02506480850246e-39
"78","CXCR4",-0.979703382212496,1.00236595561147e-186
"40","CXCR4",0.203096707324205,9.89571761976797e-09
"46","CXCR4",-0.917228320091883,6.62655791837944e-89
"50","CXCR4",-0.481344249829555,1.93887208586242e-40
"68","CXCR4",-0.277175600979449,5.41780023757582e-16
"57","CXCR4",-0.433247812139883,8.01421260022163e-43
"58","CXCR4",0.936220317345189,2.49488960224407e-238
"60","CXCR4",0.36135835831484,5.84729321728369e-37
"47","CXCR4",0.0284540389036878,0.489094895819604
"69","CXCR4",0.0407803759637302,0.205456289904914
"56","CXCR4",-1.01488067174756,4.0190755733237e-124
"59","CXCR4",0.671274060439621,3.7048397523e-149
"67","CXCR4",0.415185724766944,1.25828784382382e-16
"79","CXCR4",-0.181510567353844,1.38031790476002e-08
"70","CXCR4",0.547841510155026,8.33400823252518e-121
"73","CXCR4",-0.269422168149361,1.94102681825123e-17
"93","CXCR4",0.493700776229048,2.82336644922455e-86
"74","CXCR4",0.112013271878404,9.61318381427702e-05
"63","CXCR4",-0.469185629709319,1.88688642920209e-34
"62","CXCR4",0.585046134002329,7.00865798666993e-84
"84","CXCR4",-0.368819559025444,5.09014129730291e-24
"52","CXCR4",0.576373834691675,2.46480233511318e-75
"76","CXCR4",-0.349797489618097,8.16971135832397e-19
"65","CXCR4",-0.458416845268637,1.55161688315818e-39
"83","CXCR4",0.452271497602863,3.17725405117961e-44
"75","CXCR4",0.351038165669586,6.65664165591367e-13
"64","CXCR4",-0.460028583396425,2.93998170007136e-39
"25","CXCR4",-0.60660775208153,6.52823373631855e-17
"53","CXCR4",-0.285482380684548,2.58684833576703e-12
"54","CXCR4",-0.246797717145098,3.87609162526551e-08
"55","CXCR4",-0.265245290681802,5.02908505930326e-07
"94","CXCR4",0.599029714781495,4.79246787427373e-102
"85","CXCR4",0.292200252077142,2.07127583498532e-15
"71","CXCR4",0.352787647087019,1.36816236269975e-12
"72","CXCR4",0.296669657000308,2.49540077147837e-12
"42","CXCR4",0.734234596797189,3.35765296008309e-58
"61","CXCR4",0.628510953363294,3.16150722087272e-104
"3","CXCR4",-0.155640764210911,1.71834407463566e-07
"31","CXCR4",0.69253262412715,4.91139667376135e-87
"92","CXCR4",0.654269397606209,6.84143617792228e-27
"32","CXCR4",-0.0200354343192397,0.490315360713094
"14","CXCR4",-0.929519070412694,4.10948030189286e-145
"24","CXCR4",-0.931750471689691,1.42715129129512e-94
"82","CXCR4",0.521115018085744,3.32497725702755e-57
"13","CXCR4",0.198804059147184,1.03421295271776e-15
"21","CXCR4",-0.29778822079769,9.70659521385006e-13
"4","CXCR4",-0.5459256284767,8.29086980139321e-88
"12","CXCR4",-0.453920082176811,7.57515077639586e-53
"22","CXCR4",-0.760206895700289,7.24696898479724e-121
"23","CXCR4",-0.463982334188586,2.57869332619125e-69
"1","CXCR4",-0.539827395811328,2.28577480421965e-78
"33","CXCR4",-0.673526562356303,7.12099106967611e-63
"2","CXCR4",0.14951835036409,2.12640329626241e-07
"43","CXCR4",-0.80983720090447,5.47349337184685e-56
"34","CXCR4",-0.661004325027259,6.84544944299488e-66
"41","CXCR4",0.962693643169192,6.2613052488046e-129
"11","CXCR4",-0.659482324914572,3.39123758032498e-107
"51","CXCR4",0.840583532054068,6.8107988439353e-119
"91","CXCR4",0.775564792969023,2.75621023804524e-182
"81","CXCR4",1.02758666871589,5.80775227164323e-249
"98","CD235ab",-0.431786617139325,6.90049324430661e-21
"88","CD235ab",-0.864044833943504,6.77294642078424e-68
"89","CD235ab",0.257120797771438,4.0398097036869e-15
"99","CD235ab",0.132712096811117,1.73382827252267e-06
"90","CD235ab",0.213364800814305,3.63604696080011e-15
"80","CD235ab",0.143794157761965,0.371915410166349
"100","CD235ab",0.293771846354938,6.19478912180341e-26
"96","CD235ab",-1.82629250470966,0
"95","CD235ab",-1.25427808175294,2.53364978827371e-219
"87","CD235ab",-1.63384886452423,0
"97","CD235ab",-0.87295056097167,1.72649231899896e-46
"86","CD235ab",-1.45993867278699,2.91672038377112e-130
"44","CD235ab",-0.774210895238125,3.09183760085049e-18
"45","CD235ab",-0.361950180896163,1.5672118277826e-09
"30","CD235ab",0.465572437758662,1.45106577423383e-50
"20","CD235ab",0.790257147046432,5.42245498900345e-80
"27","CD235ab",0.295970065353195,7.90415271614673e-11
"39","CD235ab",0.606414678620975,1.08658560972935e-93
"9","CD235ab",0.290078409882747,2.05265350421265e-31
"29","CD235ab",0.0696734104638845,0.00185217881816502
"7","CD235ab",0.489435002045723,2.74768012583953e-94
"5","CD235ab",0.250599057208531,3.75936667271764e-18
"28","CD235ab",0.234735987038747,1.62223470751325e-23
"19","CD235ab",-0.061815738698674,0.102058781341634
"26","CD235ab",0.677366663590133,4.35371822410887e-89
"17","CD235ab",-0.210009039217983,2.16975122566544e-14
"37","CD235ab",0.069229645922674,0.0535366094032145
"16","CD235ab",0.276162295148196,2.44088868185389e-25
"18","CD235ab",-0.0277487194240971,0.288881367586975
"6","CD235ab",0.381614298281345,1.22920492119726e-22
"49","CD235ab",0.301073046072814,3.84705870468433e-32
"8","CD235ab",0.325881906520513,4.60566908210909e-38
"15","CD235ab",0.276833366760926,0.2723146931646
"36","CD235ab",0.143968368626209,1.80303448820057e-05
"35","CD235ab",0.263972641185318,0.650127462120164
"66","CD235ab",0.300411036099719,0.0890106373653653
"38","CD235ab",0.0778145450717203,0.0174324442493155
"77","CD235ab",0.50559049338133,2.73406536547178e-70
"10","CD235ab",-0.179552155965623,9.32427218920797e-13
"48","CD235ab",0.266140462636894,6.39428705156522e-15
"78","CD235ab",0.243748878794968,3.6852971950411e-23
"40","CD235ab",0.675555101274534,5.68009502586386e-54
"46","CD235ab",0.329755506956208,1.06758601808702e-16
"50","CD235ab",0.704954384203816,6.8375337385462e-73
"68","CD235ab",1.03062746326054,3.68934029660059e-112
"57","CD235ab",0.412294389582403,5.88761428803761e-38
"58","CD235ab",0.0767811088260437,0.0254181041779546
"60","CD235ab",-0.182652691501924,4.32753903870668e-09
"47","CD235ab",-0.00402933601453448,0.921988187558276
"69","CD235ab",0.5382377249809,2.67626542876214e-62
"56","CD235ab",0.169535668648347,3.0721294261071e-07
"59","CD235ab",-0.00740546768635797,0.784927835468164
"67","CD235ab",-0.1086829694538,0.0415552006403172
"79","CD235ab",0.0141426956579402,0.683590284691556
"70","CD235ab",-0.00170776319312349,0.946833645578905
"73","CD235ab",0.227552644161045,1.24424798829191e-09
"93","CD235ab",-0.191478976968121,3.14709433849403e-10
"74","CD235ab",0.184085657692623,1.68834648376959e-07
"63","CD235ab",-0.181641984705762,4.07749888536686e-06
"62","CD235ab",-0.332253871571711,8.47839460489731e-30
"84","CD235ab",0.439811200127476,5.16982249836312e-22
"52","CD235ab",-0.428724349929172,7.94671288950071e-42
"76","CD235ab",-0.305452988207212,2.39566893253212e-16
"65","CD235ab",0.128715815732691,0.000661740724728296
"83","CD235ab",0.221696820921057,7.83779462259516e-11
"75","CD235ab",-0.440910618904162,5.66755992855069e-18
"64","CD235ab",-0.19515435644994,1.04647872156532e-08
"25","CD235ab",-0.879439235237306,3.57297504277169e-37
"53","CD235ab",-0.1176667653846,0.00866092789941545
"54","CD235ab",-0.594652503935198,2.01510166363216e-33
"55","CD235ab",-0.463556158696513,2.61492268036152e-22
"94","CD235ab",-0.301731599359543,1.20608158926079e-25
"85","CD235ab",-0.165202573298411,4.45525921573255e-05
"71","CD235ab",-0.968308588348151,4.08090957872843e-67
"72","CD235ab",-0.358871983018926,1.01892805850833e-17
"42","CD235ab",-0.539647173425773,2.12263206408385e-30
"61","CD235ab",-0.996579880344548,1.63057663178625e-167
"3","CD235ab",0.204403002883442,5.41369270512419e-09
"31","CD235ab",-0.407014815652195,1.03500831746291e-30
"92","CD235ab",-1.20678069320091,6.91018964222945e-91
"32","CD235ab",-0.328482670335389,7.20131436850841e-24
"14","CD235ab",-0.728219635924878,4.6055526725507e-100
"24","CD235ab",-0.466756480841782,1.51507769692745e-29
"82","CD235ab",-0.438375358542329,1.17351104344805e-29
"13","CD235ab",-0.337714631563979,4.41064658219294e-28
"21","CD235ab",0.384855879408529,3.68253408444332e-26
"4","CD235ab",0.142010118929909,4.12174756937792e-06
"12","CD235ab",0.104897702920256,0.00049806823300491
"22","CD235ab",0.136053470565024,2.50932918857449e-05
"23","CD235ab",-0.0750652066809483,0.00507688030013588
"1","CD235ab",-0.222757207447286,4.08461597990089e-15
"33","CD235ab",0.226197312983186,4.66566266473674e-09
"2","CD235ab",-0.968979858941651,7.33812987028861e-162
"43","CD235ab",-0.780559171461273,8.16607125921273e-48
"34","CD235ab",-0.280388857762682,1.26006657997604e-12
"41","CD235ab",-0.806357234459053,1.13348828074108e-69
"11","CD235ab",-0.366889426723885,1.50824882033023e-34
"51","CD235ab",-0.500065284316809,1.49923296544116e-60
"91","CD235ab",-1.45850132607071,0
"81","CD235ab",-1.53459059666859,0
"98","CD45",-0.236235968413521,2.46753537746898e-191
"88","CD45",-0.30226538138475,5.12898548968984e-187
"89","CD45",0.0793354186902363,8.40784707606974e-175
"99","CD45",0.0169816827412047,8.54602028986549e-11
"90","CD45",0.0897937721756136,2.95669305676137e-227
"80","CD45",0.0802268092917584,2.9749495625795e-09
"100","CD45",0.0704347119805116,3.18133593155182e-311
"96","CD45",-0.598155822106327,0
"95","CD45",-0.494204926450233,0
"87","CD45",-0.580613215901985,0
"97","CD45",-0.524221089107338,3.8673040722969e-194
"86","CD45",-0.390027339596492,1.07249304578808e-253
"44","CD45",-0.262971637481198,2.11545857840946e-55
"45","CD45",-0.0604059542532315,2.20383285404134e-20
"30","CD45",0.0930786329278043,0
"20","CD45",0.105666523287158,0
"27","CD45",0.070968321684512,5.46693170705214e-119
"39","CD45",0.102155106899892,0
"9","CD45",0.127648554239063,0
"29","CD45",0.0649360355145006,0
"7","CD45",0.0969249223588845,0
"5","CD45",0.0669751240533071,7.6331181340597e-162
"28","CD45",0.060842416122165,0
"19","CD45",0.0839566960460978,4.01128078882207e-133
"26","CD45",0.0757977000758309,0
"17","CD45",0.0339275825635051,2.6667608688337e-71
"37","CD45",0.0285877968281602,1.1859349852029e-59
"16","CD45",0.0573052944006366,1.34076531220588e-218
"18","CD45",0.0918092409163416,0
"6","CD45",0.0326378742514858,6.34935517168973e-47
"49","CD45",0.0914307481381969,0
"8","CD45",0.117248624770406,0
"15","CD45",-0.000104954351977105,0.998157927392733
"36","CD45",0.025446020300752,1.293551243253e-51
"35","CD45",0.076269002964598,0.0148786411871301
"66","CD45",0.013753976040069,0.381859956583742
"38","CD45",0.0401644193540886,1.48489944061231e-42
"77","CD45",0.111767485467536,0
"10","CD45",0.0726281318824721,4.34096429703306e-174
"48","CD45",0.0721399401333381,1.30246282564506e-247
"78","CD45",0.106176121559461,0
"40","CD45",0.108179083294872,4.28835287933249e-226
"46","CD45",0.0519652119367961,4.68019194036104e-111
"50","CD45",0.130125924152565,1.02765654334979e-321
"68","CD45",0.137237162732416,0
"57","CD45",0.084810778388981,0
"58","CD45",0.0710315420677627,1.09720888237812e-244
"60","CD45",0.0799163227933146,2.83524351115435e-147
"47","CD45",0.0332540514109114,1.63545830960461e-51
"69","CD45",0.164568650314818,0
"56","CD45",0.0516417662990126,1.19793798140663e-111
"59","CD45",0.107993264053749,0
"67","CD45",0.0520467796173666,7.74527887730253e-52
"79","CD45",0.106507597160824,1.76023728338586e-179
"70","CD45",0.0981667533039826,2.48491741420596e-230
"73","CD45",0.064772307726202,7.90670944358157e-179
"93","CD45",0.059981201398094,3.61163960815256e-93
"74","CD45",0.0364136036961587,4.03212168997147e-93
"63","CD45",0.038590965323538,4.85764054680212e-80
"62","CD45",0.0178033463951721,2.60310376064164e-22
"84","CD45",0.0374010003960237,5.24061190275974e-42
"52","CD45",-0.00549514442286324,0.00251189566419987
"76","CD45",-0.00749035290307198,0.0249476339378769
"65","CD45",0.0456551983208872,1.47914569651115e-95
"83","CD45",0.0374889725536435,5.23024603291281e-59
"75","CD45",0.0114961200618707,0.000966495775126758
"64","CD45",0.0361789502939135,8.30275275005794e-85
"25","CD45",-0.144124106539102,4.81667786563209e-68
"53","CD45",-0.0017321015108452,0.455278591416862
"54","CD45",-0.0307276840672199,3.3688163164007e-31
"55","CD45",-0.0261725309570427,5.11219366240755e-15
"94","CD45",0.0720098418055451,7.80780476267219e-215
"85","CD45",0.0792752796917543,9.03216410956749e-96
"71","CD45",-0.237987548343656,1.48377607864556e-157
"72","CD45",-0.0313484607062339,4.71877274749272e-20
"42","CD45",-0.135387594982954,2.03183146618507e-161
"61","CD45",-0.2487053882597,0
"3","CD45",-0.0517244160679269,7.90523138843866e-55
"31","CD45",-0.144175720997229,9.08366474108461e-240
"92","CD45",-0.53715386503975,1.44724590841713e-164
"32","CD45",-0.0561069003755945,2.91040420716375e-102
"14","CD45",-0.16363266223112,3.99206235909812e-302
"24","CD45",-0.0425595611471057,5.60963721420227e-37
"82","CD45",-0.202033364618867,3.48827236291136e-207
"13","CD45",-0.0747606243793063,6.30932736122587e-163
"21","CD45",0.0756125500711983,1.22526874576636e-99
"4","CD45",0.0102935212113238,6.03314638327843e-06
"12","CD45",0.0289963116875003,5.45447432618672e-44
"22","CD45",0.0374866382459888,5.41547892812248e-82
"23","CD45",0.00315498405769139,0.0812523999197958
"1","CD45",0.0483008986199916,1.25066479751022e-50
"33","CD45",0.022967888050181,1.44127999223999e-21
"2","CD45",-0.0995007336677917,2.43970375804202e-141
"43","CD45",-0.145525356431735,7.55767212947522e-149
"34","CD45",-0.0512544883660872,5.27337588264523e-58
"41","CD45",-0.148922391639309,1.28915455472239e-174
"11","CD45",0.0486248062173473,1.44498332956845e-77
"51","CD45",-0.253930712337702,1.39247792105243e-278
"91","CD45",-0.317299648224003,0
"81","CD45",-0.236387149528337,0
"98","CD123",3.55010108697359,0
"88","CD123",3.53296176712727,0
"89","CD123",-1.48617780137266,1.01837722026883e-166
"99","CD123",-1.56596371384286,7.97978803347056e-243
"90","CD123",-1.86007913578491,0
"80","CD123",-3.25052551504949,1.21409706658052e-34
"100","CD123",-1.44129531847923,6.57202572230206e-228
"96","CD123",0.992691404549846,8.03563483281996e-71
"95","CD123",0.723755803635919,6.18654036865374e-42
"87","CD123",0.485500866381006,9.22397589773197e-19
"97","CD123",3.281686715973,8.08878538802593e-161
"86","CD123",0.54657581018138,1.30369792393186e-14
"44","CD123",2.96847159669215,7.0149200788988e-49
"45","CD123",-1.73110885377658,6.73977077164152e-68
"30","CD123",-1.1461497202429,1.39586458358295e-130
"20","CD123",-0.989607656050601,8.23294665773683e-94
"27","CD123",-1.56362830850547,5.70206237945379e-80
"39","CD123",-1.02180972545646,9.05979013301128e-118
"9","CD123",-2.39300243936592,0
"29","CD123",-1.67327481654175,0
"7","CD123",-1.11288252819214,2.69837732573853e-177
"5","CD123",-1.53024801100604,3.62248049823003e-207
"28","CD123",-1.64636909157092,0
"19","CD123",-2.66316857904947,1.7704170632276e-256
"26","CD123",-1.42186261139715,1.06904176636817e-210
"17","CD123",-1.8695494447839,2.90230369194542e-277
"37","CD123",-1.72566775011049,1.53957311198983e-170
"16","CD123",-1.67018734835855,5.82043988863758e-259
"18","CD123",-2.54942697747761,0
"6","CD123",-2.41105097840157,1.68313023248533e-267
"49","CD123",-1.22426067305878,3.24931792885273e-163
"8","CD123",-2.3832672390022,0
"15","CD123",-1.20039123122937,0.00132367072527658
"36","CD123",-1.75589354941079,1.00285514276405e-179
"35","CD123",-1.86286324883417,0.107304427544305
"66","CD123",-1.75174830013984,4.12872832618299e-11
"38","CD123",-1.62866631461447,4.87126458240402e-170
"77","CD123",-1.45243673961667,3.84093689849148e-189
"10","CD123",-2.52489859422924,0
"48","CD123",-1.6106075931923,2.95576836249495e-161
"78","CD123",-1.49113729638514,2.75277851883842e-234
"40","CD123",-0.949469648110181,2.73904132629444e-64
"46","CD123",-1.64477255774441,1.91729557558806e-125
"50","CD123",-1.0571681746645,9.37863494859755e-82
"68","CD123",-0.927120525501185,4.48636059872241e-61
"57","CD123",-1.5633534261525,3.78627655434339e-211
"58","CD123",-1.62675004931612,1.67301115770177e-150
"60","CD123",-2.980140024001,0
"47","CD123",-1.66026153001694,6.67778013492071e-132
"69","CD123",-2.48715813682842,0
"56","CD123",-1.83495389016826,1.726069557863e-198
"59","CD123",-2.74123454171997,0
"67","CD123",-3.42299111038468,5.45910882172791e-214
"79","CD123",-2.55627958411002,0
"70","CD123",-2.54220066043949,0
"73","CD123",-1.09862558146423,1.43878875554162e-85
"93","CD123",-1.06741270667693,2.07487291814983e-108
"74","CD123",-0.54319946465418,4.03070882257204e-30
"63","CD123",-1.71222681520443,6.68173380385431e-156
"62","CD123",-0.862131132864194,8.17717033831025e-66
"84","CD123",-0.8605210891266,8.25727512067683e-49
"52","CD123",-0.978776677174062,5.26228114252743e-74
"76","CD123",-1.26908688574925,2.63880957809118e-89
"65","CD123",-1.04612593953,2.79122394112518e-71
"83","CD123",-0.377608333590554,1.16008241756746e-12
"75","CD123",-1.48805830827329,1.31046965777108e-68
"64","CD123",-1.81096742727325,7.48474652079895e-218
"25","CD123",-0.528275457264257,7.02545282966837e-07
"53","CD123",-1.27480102885202,1.17457562021147e-86
"54","CD123",-1.668549450914,2.10097790619492e-95
"55","CD123",-1.60435850132978,3.59172017192172e-94
"94","CD123",-1.40393062262928,1.42231108138891e-155
"85","CD123",-1.63156475353839,6.97662873165521e-120
"71","CD123",0.203925366010038,0.0170250713321234
"72","CD123",0.547482957181896,1.21594984073652e-15
"42","CD123",1.89772338083399,3.47408697353271e-161
"61","CD123",0.399612941095523,7.8018803052793e-14
"3","CD123",0.858865807848873,1.53016896629616e-64
"31","CD123",1.95310282282536,1.56990668682493e-270
"92","CD123",-0.598733695587983,3.28202639288274e-13
"32","CD123",0.785760611016533,5.44459910640904e-59
"14","CD123",-0.303955293700753,4.38733558858616e-09
"24","CD123",-0.19800829171684,0.00140212423105072
"82","CD123",0.627184676156532,1.64668207606955e-24
"13","CD123",0.799248901983716,1.26146734558639e-69
"21","CD123",1.4063665466795,3.61200152055564e-105
"4","CD123",-0.0224956897635051,0.592826856247153
"12","CD123",1.01662247335204,3.89855201988527e-103
"22","CD123",0.139077281893321,0.00354910723166771
"23","CD123",-0.00702462531266734,0.86504016737601
"1","CD123",0.226806170833363,7.45024519022811e-07
"33","CD123",0.611477336634966,5.3862726971556e-24
"2","CD123",0.947400120319881,6.29834663039529e-79
"43","CD123",0.332611242276383,1.61983581067887e-05
"34","CD123",-0.185699357498937,0.00147926648271969
"41","CD123",2.00818727902593,1.76399448910377e-218
"11","CD123",0.00845617144978839,0.856536482077686
"51","CD123",3.72084156241419,0
"91","CD123",-0.0505547878661172,0.304628510531912
"81","CD123",-0.0632618053882164,0.231720177498933
"98","CD321",0.435390933779246,3.16741598321098e-134
"88","CD321",0.0960118685609213,0.00013795843075961
"89","CD321",-0.069826705116574,1.12017048902893e-05
"99","CD321",-0.203362102201047,4.82533489817365e-46
"90","CD321",0.0859142320804351,1.64658760789765e-14
"80","CD321",0.0748108096405953,0.294910756775311
"100","CD321",-0.188855899895834,2.32577722224374e-48
"96","CD321",0.54720909068346,1.72909469450907e-257
"95","CD321",0.594036101248053,1.58549864462026e-289
"87","CD321",0.406273776671701,2.85091306612824e-149
"97","CD321",0.168694207689111,2.30507460929444e-11
"86","CD321",0.679936144757067,1.2532074637902e-223
"44","CD321",-0.624651005553335,2.61633292955851e-34
"45","CD321",-0.676486833350198,1.35344593688618e-67
"30","CD321",-0.0364744994162849,0.00129485483163111
"20","CD321",0.0167502870516811,0.210766841645449
"27","CD321",-0.406623558981144,5.39898172758719e-53
"39","CD321",0.231936871286463,2.55867277894089e-132
"9","CD321",-0.072988357908222,1.90529617106891e-07
"29","CD321",-0.431601617604401,2.69671882001375e-269
"7","CD321",0.245554680272704,9.77269194348808e-183
"5","CD321",-0.710910762400727,0
"28","CD321",-0.0799533632770175,3.53290092892534e-15
"19","CD321",-0.299231835598745,2.52849937686449e-47
"26","CD321",0.276849634466556,2.75705614527482e-163
"17","CD321",-0.49430012471001,3.62808438528669e-196
"37","CD321",-0.223959604487385,5.06775882551174e-37
"16","CD321",-0.730390163430845,0
"18","CD321",0.123606976003743,1.1286147104462e-28
"6","CD321",0.252976797128716,2.81650235178946e-52
"49","CD321",-0.269024644043002,3.78249386702526e-96
"8","CD321",0.136510550635517,3.77343834420811e-24
"15","CD321",0.126871191273048,0.27991952915816
"36","CD321",-0.214581716757411,3.24252208166316e-32
"35","CD321",0.0575772169672761,0.82031503100424
"66","CD321",-0.245088448701607,0.00232770540728404
"38","CD321",-0.783466518771556,1.13796690853308e-252
"77","CD321",-0.138451666829271,2.11086676384951e-29
"10","CD321",-0.0320622622954674,0.00467620039435633
"48","CD321",-0.131289407316488,8.09564541531925e-19
"78","CD321",-0.495235949417046,1.6321642693983e-213
"40","CD321",-0.138602759194005,2.05424905590672e-17
"46","CD321",-0.342724750004841,7.1841752020154e-60
"50","CD321",-0.139442028397891,1.38604076978504e-21
"68","CD321",0.178286623319604,1.08631711523614e-52
"57","CD321",-0.162972439842701,2.97853953249101e-32
"58","CD321",-0.30450167616339,3.86999556323057e-72
"60","CD321",-0.0420501001616731,0.00346881877615861
"47","CD321",-0.449352531727,2.7912892396814e-92
"69","CD321",-0.122377279919247,5.96600195262579e-14
"56","CD321",-0.528279336131267,1.16154590476063e-137
"59","CD321",-0.157572484118423,5.39262989801038e-33
"67","CD321",-0.0192306428258211,0.403757439637275
"79","CD321",-0.473958791464272,7.15861470599296e-127
"70","CD321",-0.204057115591158,1.11940988425932e-60
"73","CD321",-0.307148134788382,1.69995587374033e-78
"93","CD321",-0.709407704092686,6.74891252292187e-295
"74","CD321",-0.547200131387364,2.52535550758747e-209
"63","CD321",-0.545533627977447,7.47001608545425e-146
"62","CD321",-0.755287139746359,2.65877650874025e-306
"84","CD321",-0.207311243696447,4.09422020737867e-35
"52","CD321",-1.05868165565412,0
"76","CD321",-0.693854781457489,7.95004192555598e-181
"65","CD321",-0.0509725634396847,0.0004809866290881
"83","CD321",-0.481523234970604,6.96741982501891e-153
"75","CD321",-0.564174240404763,3.15985372121866e-69
"64","CD321",-0.509219072677695,4.02796122472958e-155
"25","CD321",0.245109047597367,5.78910595968634e-21
"53","CD321",-0.628508050933638,6.15723345721927e-124
"54","CD321",-0.873613534175562,5.90657572881249e-173
"55","CD321",-0.626182847582702,1.11758144661748e-90
"94","CD321",-0.642210634291061,4.21704703621273e-231
"85","CD321",-0.313759576333385,7.34455577713049e-45
"71","CD321",-0.18958628554832,8.58995377419034e-18
"72","CD321",-0.24761509869783,3.16127121196328e-36
"42","CD321",0.297911176413635,2.29884992576829e-56
"61","CD321",-0.0364681128065094,0.00161111549715039
"3","CD321",0.376793565787943,6.87119916069439e-205
"31","CD321",0.293460426561182,3.3416882194451e-95
"92","CD321",0.117890400810015,1.55588299312011e-06
"32","CD321",0.493640914405959,3.2904772013027e-321
"14","CD321",0.0667598092642445,7.77914560520671e-07
"24","CD321",0.580881954941501,3.30809467578682e-205
"82","CD321",0.00278339289751073,0.828004486840576
"13","CD321",0.483126719422468,0
"21","CD321",0.399084295166631,7.30607667407239e-122
"4","CD321",0.507287083052079,0
"12","CD321",0.514555248523012,0
"22","CD321",0.499630183560942,3.78195030626815e-307
"23","CD321",0.563424324652247,0
"1","CD321",0.644755180147415,0
"33","CD321",0.480333645929686,1.51770943669838e-195
"2","CD321",0.592040731813263,0
"43","CD321",0.0325485428154022,0.120964290411257
"34","CD321",0.485806079355266,2.48630805008085e-194
"41","CD321",0.464974122107796,3.07617124016448e-150
"11","CD321",0.795871255951205,0
"51","CD321",-0.0762891925981406,3.18308744647526e-06
"91","CD321",0.00492698937952585,0.642686327251556
"81","CD321",0.151752786004547,7.34881993519512e-40
"98","CD14",-0.974573882099035,1.84729804797427e-13
"88","CD14",-1.70221443829407,3.29525140036419e-26
"89","CD14",-1.24274693859306,1.41818740877051e-32
"99","CD14",-1.96843971079321,2.97137661625713e-97
"90","CD14",-0.859780233527196,3.06222820601153e-24
"80","CD14",-1.57487534855772,0.000932621093440472
"100","CD14",-1.03096720668107,8.64408074477027e-31
"96","CD14",-0.677592571353576,1.65650239432327e-11
"95","CD14",-0.613300993636276,5.77172375768435e-10
"87","CD14",-1.65441151106978,8.92271807635439e-57
"97","CD14",-0.677812078401366,0.000253202238601706
"86","CD14",-1.97068920765345,8.07435388026461e-40
"44","CD14",-1.17021623491975,2.41807846328673e-05
"45","CD14",-1.80528674960996,3.91218503925318e-19
"30","CD14",0.275873107554164,0.000738287800495922
"20","CD14",0.149943391808878,0.0791482088092748
"27","CD14",-0.851465313124983,2.03122822842077e-10
"39","CD14",-0.681949205805629,1.33704107730574e-15
"9","CD14",-1.17082090443296,4.73684589775818e-52
"29","CD14",-0.772562571034761,1.07026397805708e-23
"7","CD14",-1.11901995520535,1.26246614877991e-45
"5","CD14",-0.665258028103136,3.76443387272622e-13
"28","CD14",-1.47403432126427,5.77772714678417e-69
"19","CD14",-1.18686740194074,3.50636529914095e-21
"26","CD14",-1.8803934916777,1.22727726224463e-77
"17","CD14",-1.51352080857095,2.43885001211517e-54
"37","CD14",-2.95333844566271,2.98592604834193e-74
"16","CD14",-1.77547931050534,3.34654398722398e-74
"18","CD14",-2.71252731600913,2.72288705596237e-129
"6","CD14",-2.85312019569306,1.423915433624e-75
"49","CD14",-0.666294041055866,1.15994071382426e-14
"8","CD14",-3.51468438691702,2.99693508296431e-186
"15","CD14",-0.205040465651322,0.796590133460905
"36","CD14",-3.20956661358326,2.04281806977271e-113
"35","CD14",-0.98075455993926,0.494073875859493
"66","CD14",NA,2.14774484262107e-06
"38","CD14",-1.20386489274086,1.66220991295504e-25
"77","CD14",-1.96943310745919,8.28526463993014e-74
"10","CD14",-0.947250951615902,6.31727890608504e-33
"48","CD14",-1.70427600803443,1.16680238195612e-49
"78","CD14",-0.85632361273239,3.86852290381209e-19
"40","CD14",0.339459875378728,0.000662901589885034
"46","CD14",-2.39456227423664,3.61363022813007e-43
"50","CD14",0.165219376136658,0.168868199700182
"68","CD14",-1.03098590582609,3.34623628925927e-22
"57","CD14",-1.83150898186598,2.00666588641584e-61
"58","CD14",-1.31908486364714,3.44644485106576e-34
"60","CD14",-2.18460126707869,3.3524896662088e-76
"47","CD14",-2.86102060404929,4.98861638104951e-63
"69","CD14",-3.58180422406558,9.49773939976533e-117
"56","CD14",-2.26827601459152,1.38390574433203e-58
"59","CD14",-3.4240823926163,1.06383350474601e-161
"67","CD14",-4.58905842916986,6.22609794753034e-75
"79","CD14",-1.30454849758652,1.94277254809293e-33
"70","CD14",-0.617776686751236,1.27282400136851e-13
"73","CD14",-0.325249403097438,0.000579777736599812
"93","CD14",-0.710819748685173,2.08248818181576e-16
"74","CD14",-0.373027683226511,6.64787929620059e-05
"63","CD14",-1.36063891879206,2.11725412671606e-32
"62","CD14",-0.698209760000336,1.84185405482836e-13
"84","CD14",0.350891157097486,0.000878204969592514
"52","CD14",-1.59444079399956,1.04174254377912e-47
"76","CD14",-0.70308803308688,3.92565531413086e-11
"65","CD14",-1.08661120833752,5.30662605201895e-23
"83","CD14",0.563525902778483,2.46140490270775e-08
"75","CD14",-2.50995913661697,6.15075473883015e-44
"64","CD14",-0.972464185939225,3.69606947543895e-19
"25","CD14",1.21406321532079,3.74357976176023e-09
"53","CD14",-2.25528286163199,1.62854239552087e-47
"54","CD14",-2.19524259471904,9.78469743115417e-37
"55","CD14",-3.13385016951506,1.23307047656047e-51
"94","CD14",-2.4138359459032,3.47013995299697e-114
"85","CD14",-1.53087020632191,1.56768175075182e-35
"71","CD14",-1.47784519565782,2.38928239526243e-17
"72","CD14",-0.888427362303711,1.89374016512615e-12
"42","CD14",-0.575880571181703,2.93146261164814e-05
"61","CD14",-0.738531748995825,5.69602415613547e-15
"3","CD14",2.22799007905613,1.87639922469912e-122
"31","CD14",0.253712761171331,0.0154305879309981
"92","CD14",0.211540066826714,0.144065046293206
"32","CD14",0.767916512660443,1.72026842480459e-15
"14","CD14",1.59726676957066,2.47192592912225e-58
"24","CD14",0.777217369508148,2.39948570282917e-11
"82","CD14",0.262100937323331,0.0142572646527214
"13","CD14",1.30538449299236,1.14340410964599e-51
"21","CD14",0.986978426537995,1.8717759617161e-19
"4","CD14",2.29664468490679,1.89480758273182e-157
"12","CD14",1.718085343408,5.5623792691307e-70
"22","CD14",1.25236511043048,1.37830664617303e-43
"23","CD14",1.60502850819928,2.82715338019914e-84
"1","CD14",3.35945480443602,2.17754341423243e-283
"33","CD14",1.01610712220337,7.55994844600359e-17
"2","CD14",1.58490722008043,7.60634355736019e-50
"43","CD14",0.605334723977025,4.94710240798228e-05
"34","CD14",0.488583257860467,5.40647701393084e-05
"41","CD14",0.239808653823649,0.0608815978806072
"11","CD14",2.40482337368831,9.99377184961511e-125
"51","CD14",-1.22926799768447,2.27511531382201e-31
"91","CD14",-0.343838900766452,1.48697685134541e-05
"81","CD14",-1.90267776400968,7.09473666741335e-84
"98","CD33",0.661246144259155,2.70437290027448e-17
"88","CD33",-1.1058509611485,2.44672566411336e-45
"89","CD33",-2.2987202280921,2.37151510003798e-322
"99","CD33",-2.8121207672297,0
"90","CD33",-1.82372055593056,1.91038590396895e-310
"80","CD33",-2.11707031411311,3.62244695638754e-16
"100","CD33",-2.40014307310691,0
"96","CD33",1.81509616357083,3.76469335655082e-135
"95","CD33",0.0656062975001506,0.295668016843646
"87","CD33",-0.903745469552264,1.69592097924888e-60
"97","CD33",0.966663663616451,4.97793731263444e-12
"86","CD33",-1.1330811968583,1.21388909125464e-45
"44","CD33",-1.79586619665975,1.90447730441647e-38
"45","CD33",-2.79860612248643,8.20530377505274e-123
"30","CD33",-1.25299657887871,1.36096448717187e-142
"20","CD33",-1.29214721061525,2.6129905942031e-127
"27","CD33",-2.55627311582174,8.47147254162079e-169
"39","CD33",-1.98900188264651,5.66673533154076e-319
"9","CD33",-1.93184050735796,0
"29","CD33",-2.11670819624347,0
"7","CD33",-2.13650101622847,0
"5","CD33",-2.01767803875902,2.92907333724984e-272
"28","CD33",-2.97683930252461,0
"19","CD33",-1.74860937346729,2.09512092046126e-140
"26","CD33",-2.76946715583703,0
"17","CD33",-2.71606622592621,0
"37","CD33",-3.21433391467959,0
"16","CD33",-2.94368155227514,0
"18","CD33",-2.47261004953969,0
"6","CD33",-2.73665215141577,2.11159123256738e-262
"49","CD33",-1.85313612892077,7.66271863764779e-269
"8","CD33",-2.91657152816033,0
"15","CD33",-1.92690051029137,0.0224972988583302
"36","CD33",-3.58209224327171,0
"35","CD33",0.777058153760757,0.698257756474912
"66","CD33",-2.35756953643076,6.92257661480606e-12
"38","CD33",-2.82359131316888,0
"77","CD33",-2.91677962900412,0
"10","CD33",-1.54672218396046,5.86276162567157e-232
"48","CD33",-2.82525346953864,2.35877859828554e-303
"78","CD33",-2.39737172771764,0
"40","CD33",-1.35335896445974,4.13734030166037e-106
"46","CD33",-4.0119585397884,0
"50","CD33",-1.55686755804778,9.29973054953008e-131
"68","CD33",-2.25508171610022,3.73554275458731e-226
"57","CD33",-3.17886933712381,0
"58","CD33",-2.70166407717653,6.57179252959755e-305
"60","CD33",-2.38749262940707,0
"47","CD33",-3.34795394559841,8.93553925420177e-246
"69","CD33",-2.80230863001656,0
"56","CD33",-3.66464073337621,0
"59","CD33",-2.86915066844977,0
"67","CD33",-2.91472278197006,1.92634204151308e-175
"79","CD33",-2.14569184598886,8.55094442211323e-229
"70","CD33",-1.56272443085234,2.0787665118246e-238
"73","CD33",-1.08849239920136,4.20177321431323e-97
"93","CD33",-0.830115683401626,4.64934924036155e-77
"74","CD33",-1.0764714813971,1.64422414644888e-105
"63","CD33",-1.78839375066283,2.22036752533038e-172
"62","CD33",-1.25703505721748,2.34431708160736e-118
"84","CD33",-0.436933160682861,8.16588863048948e-14
"52","CD33",-1.88546434386248,1.950366988824e-222
"76","CD33",-1.43840842612891,4.18055060863915e-117
"65","CD33",-1.76604786463122,3.11694144292821e-163
"83","CD33",-0.482947119807236,1.66159207983325e-20
"75","CD33",-1.93213628922708,1.35344391236474e-116
"64","CD33",-1.89097491189226,1.01596739896063e-200
"25","CD33",0.533239494077426,2.53868925184734e-07
"53","CD33",-2.61360768007339,2.13039144303602e-244
"54","CD33",-2.949837081242,1.09897762102336e-247
"55","CD33",-2.19906706164511,1.34638001156572e-124
"94","CD33",-1.87087873641604,1.09768535402255e-271
"85","CD33",-1.6166975011736,6.49730397621547e-130
"71","CD33",-1.42178864100117,5.35835430964184e-66
"72","CD33",-1.41533676618772,7.18727453586254e-90
"42","CD33",1.72724991987289,3.99694189385571e-99
"61","CD33",-0.828444669499706,9.04375398744376e-69
"3","CD33",1.85489842894299,4.69520919561411e-281
"31","CD33",1.80990503335615,2.41590074278823e-205
"92","CD33",0.0537745098693279,0.486405205201395
"32","CD33",1.2967531681678,1.93512139005864e-123
"14","CD33",1.18842081156241,8.64383101796538e-110
"24","CD33",0.556196175115136,1.00880224519201e-15
"82","CD33",-0.362915903000567,1.9517995968073e-11
"13","CD33",1.62714809363715,7.44480755397886e-244
"21","CD33",0.979356001775837,1.94208624283449e-43
"4","CD33",1.45364556970301,2.07893627981261e-215
"12","CD33",1.43264762917448,4.31411051292096e-171
"22","CD33",0.582160472495903,6.20195879969439e-31
"23","CD33",0.969239203485782,1.47722399034642e-105
"1","CD33",3.07892699367314,0
"33","CD33",0.759251348325966,3.56022174749265e-29
"2","CD33",3.14258245208999,0
"43","CD33",0.816117370923649,1.6444740095014e-25
"34","CD33",0.504867536510154,4.05327513517768e-14
"41","CD33",3.14075983667297,0
"11","CD33",3.09309617674579,0
"51","CD33",-0.875707977025932,3.65335390075546e-58
"91","CD33",0.0265952262829954,0.484904014848717
"81","CD33",-0.762283944668429,4.49784786247583e-64
"98","CD47",0.428520964050106,1.20500835558999e-195
"88","CD47",0.113064536703954,3.9950168672703e-10
"89","CD47",0.257168007506735,1.1110968107901e-100
"99","CD47",-0.159235846325838,7.14092248355758e-41
"90","CD47",-0.0555029680725633,1.43343083436349e-07
"80","CD47",-0.259798656389955,0.000110566956003717
"100","CD47",0.0963905874076012,2.44164852872526e-25
"96","CD47",0.395365464016549,1.72696141932653e-297
"95","CD47",0.232138209650803,2.23724722586092e-114
"87","CD47",0.176870856654018,5.29206917266829e-61
"97","CD47",0.346837951010724,2.43174501455197e-80
"86","CD47",0.0143235367914321,0.364518686139313
"44","CD47",-0.0420452513208179,0.166790845624159
"45","CD47",-0.731435505240861,2.4257957493263e-107
"30","CD47",0.226909630385048,1.08808921166328e-220
"20","CD47",0.235675879354661,1.42101133886726e-154
"27","CD47",0.110648356784257,1.62905648719403e-13
"39","CD47",0.245319870001427,4.02190878595364e-235
"9","CD47",0.223245761310779,3.57876198543539e-151
"29","CD47",0.0948693794315816,6.52575368053243e-44
"7","CD47",0.208374275997016,2.54837677589061e-184
"5","CD47",0.00943715322808292,0.302155108415705
"28","CD47",0.179598489500773,2.30857054514625e-149
"19","CD47",0.326407335591419,1.14269016121378e-179
"26","CD47",0.290982902681494,2.20977474824727e-284
"17","CD47",0.202546048542859,6.9953987848343e-146
"37","CD47",0.118683569962403,8.6758932940656e-30
"16","CD47",-0.00349377643619397,0.715160726528507
"18","CD47",0.411820454835293,0
"6","CD47",-0.571892642555991,1.7278685039144e-186
"49","CD47",-0.157240514561047,1.86074557094412e-73
"8","CD47",0.361577926036435,0
"15","CD47",-0.183447359196926,0.114759228301808
"36","CD47",0.147031469314716,2.36070562942722e-43
"35","CD47",-0.0708842027211791,0.653476414629018
"66","CD47",-0.514499832667467,2.09103796682409e-11
"38","CD47",-0.349326900729394,8.14783578533019e-125
"77","CD47",-1.2386662287724,0
"10","CD47",0.356538245521417,0
"48","CD47",-0.300797126929685,7.51403198960513e-84
"78","CD47",-0.642764450848063,0
"40","CD47",0.0447451903204218,4.1144891240311e-06
"46","CD47",-0.855839250544189,2.19082703449301e-217
"50","CD47",-0.25758112415707,2.78443961548206e-82
"68","CD47",-0.0854646127262857,9.4529903358428e-15
"57","CD47",-0.112693405748219,2.69642057147498e-37
"58","CD47",0.0694306555837647,7.78698848388234e-16
"60","CD47",0.0605779911185239,6.66067260967408e-11
"47","CD47",-0.17944609849613,9.25699740900109e-34
"69","CD47",-0.806961908810409,3.55395541343646e-274
"56","CD47",-1.26396668596257,0
"59","CD47",0.171905444421364,2.2812824168522e-114
"67","CD47",-0.88291293513403,5.51038073430788e-145
"79","CD47",-0.105843610449953,1.12367785978734e-21
"70","CD47",0.0968777907615931,3.35937682409691e-45
"73","CD47",-0.184457877942321,2.88232966250535e-74
"93","CD47",0.118405753060395,9.30849781156264e-71
"74","CD47",0.0476083085685092,1.68564263265136e-10
"63","CD47",-0.0969654082003342,4.95440951396721e-15
"62","CD47",-0.107724095598688,5.69919054139809e-40
"84","CD47",-0.0211280610863248,0.0233735501073206
"52","CD47",-0.211086885713444,9.41855575819594e-80
"76","CD47",-0.351480937086332,1.11506529858771e-131
"65","CD47",-0.108059258872504,1.00190339002537e-23
"83","CD47",0.0353579515882839,1.40897694854363e-06
"75","CD47",-0.683773350744761,4.07422254266239e-130
"64","CD47",-0.482083833902402,1.77760392823969e-226
"25","CD47",-0.493460311168772,7.05738064249641e-60
"53","CD47",-0.109773088259651,8.17140888492925e-16
"54","CD47",-0.310429341999809,7.81439767134431e-66
"55","CD47",-1.11937146867754,5.68209432596101e-240
"94","CD47",0.167699602005094,6.99499312538498e-94
"85","CD47",-0.0512730116172816,1.64253159583771e-05
"71","CD47",0.211502762885547,4.56441413138422e-51
"72","CD47",0.154135947347575,2.69911187553766e-45
"42","CD47",0.148138627362054,4.8729478206593e-37
"61","CD47",0.298049682728883,2.58946017511855e-251
"3","CD47",-0.0545889013545952,1.71477311432897e-13
"31","CD47",0.113685694093678,3.5208241105173e-41
"92","CD47",0.521112339774472,1.09496758150334e-141
"32","CD47",-0.227899796731009,7.135496824673e-98
"14","CD47",-0.346290492623768,7.35125486967363e-172
"24","CD47",-0.989120064781932,6.11511310674884e-286
"82","CD47",0.274472371082051,6.28804216420849e-189
"13","CD47",-0.186364383553977,1.92683224868063e-111
"21","CD47",-0.321391514925459,4.39194304444651e-76
"4","CD47",-0.265035745255968,2.36164039100092e-175
"12","CD47",-0.0976258614743662,7.73954274420278e-27
"22","CD47",-0.573681671427099,8.95519904151282e-277
"23","CD47",-0.370189990884705,1.10314716415426e-244
"1","CD47",0.0327956316955659,9.5238675395678e-06
"33","CD47",-0.333727231585276,1.02313047225197e-73
"2","CD47",0.129448425598317,4.90442902706541e-57
"43","CD47",-0.318928867451375,5.07697542254148e-59
"34","CD47",-0.571031665981744,2.28818951193304e-155
"41","CD47",0.280474268924371,6.76847737697451e-141
"11","CD47",-0.0261596078443983,0.00646531489623258
"51","CD47",0.332070485519224,9.73804503104566e-200
"91","CD47",0.50268649482153,0
"81","CD47",0.548690407170729,0
"98","CD11c",-0.696190517765181,2.11261244395689e-66
"88","CD11c",-1.11969504840405,1.93746351285387e-105
"89","CD11c",-0.922231899510396,3.06226294063333e-132
"99","CD11c",-1.63802802684996,0
"90","CD11c",-1.25035442205114,7.17212977334061e-279
"80","CD11c",-2.55250819826514,2.82871543394976e-24
"100","CD11c",-0.969038750606683,2.78931368599185e-201
"96","CD11c",-1.39505976372155,1.71929312949701e-204
"95","CD11c",-1.11762515547312,1.61074009633111e-178
"87","CD11c",-1.08143103299273,2.28856590720705e-204
"97","CD11c",-0.929207987041451,2.52546610001392e-42
"86","CD11c",-1.50690116725113,5.48331332273063e-165
"44","CD11c",-1.71376977504881,1.11422207645659e-54
"45","CD11c",-2.2762747643112,3.66486134111437e-197
"30","CD11c",-0.770695997282469,7.78451468034761e-152
"20","CD11c",-0.778259710373469,1.06880100616981e-123
"27","CD11c",-1.72854742448835,3.64051255749296e-152
"39","CD11c",-1.51011572642136,0
"9","CD11c",-4.81301309541728,0
"29","CD11c",-1.38998238704366,0
"7","CD11c",-1.53382838703427,0
"5","CD11c",-1.44260250500979,0
"28","CD11c",-2.00748008688163,0
"19","CD11c",-4.02696654707502,0
"26","CD11c",-2.18194834107228,0
"17","CD11c",-1.99358502156902,0
"37","CD11c",-2.75808438330357,0
"16","CD11c",-2.16012093894806,0
"18","CD11c",-5.85177881094963,0
"6","CD11c",-2.87612901880627,0
"49","CD11c",-1.28952697637765,1.18109254041563e-310
"8","CD11c",-6.87462772100921,0
"15","CD11c",-0.668039582173372,0.0613046149125336
"36","CD11c",-2.92992600871118,0
"35","CD11c",0.65161221702154,0.424224087742449
"66","CD11c",-1.80649477721149,6.42355907365051e-18
"38","CD11c",-1.86739125653042,0
"77","CD11c",-1.94210918189516,0
"10","CD11c",-4.28343951071012,0
"48","CD11c",-1.87962913075857,0
"78","CD11c",-1.5176046038791,0
"40","CD11c",-0.86473734267645,2.48106991611615e-107
"46","CD11c",-2.82017620909026,0
"50","CD11c",-1.01267762370234,5.54642948601939e-143
"68","CD11c",-1.5694897469439,2.39627021467244e-270
"57","CD11c",-2.25439964097266,0
"58","CD11c",-1.90978870631874,0
"60","CD11c",-4.50232988529356,0
"47","CD11c",-2.67156123110539,0
"69","CD11c",-5.47780469735421,0
"56","CD11c",-2.05269904857695,0
"59","CD11c",-5.724573664859,0
"67","CD11c",-6.25550494407265,0
"79","CD11c",-4.36890386101697,0
"70","CD11c",-3.86087833700937,0
"73","CD11c",-0.823847666880492,3.0409969450569e-130
"93","CD11c",-2.12068934776122,0
"74","CD11c",-0.981720847789589,3.43368110204179e-194
"63","CD11c",-1.12169869983389,4.18517690372911e-180
"62","CD11c",-1.06862741643083,1.69569893517339e-218
"84","CD11c",-0.514661825848783,7.7810394966733e-54
"52","CD11c",-1.50394654237993,0
"76","CD11c",-1.10896974551165,1.62102668175585e-160
"65","CD11c",-1.39700160922783,9.74405814417508e-229
"83","CD11c",-0.382330294614602,2.88960165915781e-39
"75","CD11c",-3.09581848257009,0
"64","CD11c",-1.42038162298981,2.03540397189625e-274
"25","CD11c",1.52031061571358,1.27354443497444e-120
"53","CD11c",-1.9039797490127,1.65905537946343e-270
"54","CD11c",-1.92422061772292,7.67083791945344e-255
"55","CD11c",-1.82057401126113,1.37058173163714e-198
"94","CD11c",-3.32149903808822,0
"85","CD11c",-2.73405156782112,0
"71","CD11c",-1.77769544054232,2.6153518775662e-191
"72","CD11c",-1.50926442410829,3.43682537084249e-224
"42","CD11c",1.79850778010948,2.66414554864895e-246
"61","CD11c",-1.30938323469514,1.99088692648189e-319
"3","CD11c",1.92536310137553,0
"31","CD11c",1.73175580154748,0
"92","CD11c",-0.843222243452899,3.88615376723774e-56
"32","CD11c",1.74197825714875,0
"14","CD11c",1.69713039260688,0
"24","CD11c",1.81154575971309,3.60967559333027e-303
"82","CD11c",-0.849512012183435,6.22169696257809e-125
"13","CD11c",1.60762874387463,0
"21","CD11c",2.47299154036605,0
"4","CD11c",2.0841848033,0
"12","CD11c",2.16350562093337,0
"22","CD11c",2.16260662404597,0
"23","CD11c",2.0682846226328,0
"1","CD11c",2.30344488832814,0
"33","CD11c",2.24992855754931,0
"2","CD11c",1.72985491977731,0
"43","CD11c",1.7531827630065,1.27416895950982e-242
"34","CD11c",1.95357230980502,0
"41","CD11c",1.6682383347278,2.62420868952132e-256
"11","CD11c",2.33491375601241,0
"51","CD11c",-1.89866194780222,0
"91","CD11c",-2.83902547718965,0
"81","CD11c",-3.99119323284071,0
"98","CD7",-3.88427416658206,0
"88","CD7",-3.70901104017457,0
"89","CD7",2.24086478751967,0
"99","CD7",2.34236695079238,0
"90","CD7",2.22620059367577,0
"80","CD7",1.71097124868002,3.94652219071005e-25
"100","CD7",2.09656315233933,0
"96","CD7",-3.63203032761001,0
"95","CD7",-3.21134443990988,0
"87","CD7",-3.31911472094122,0
"97","CD7",-3.14821260750583,1.36450728723012e-206
"86","CD7",-4.48160330563594,0
"44","CD7",-2.93511716923557,5.60047211386671e-87
"45","CD7",-0.964030014273376,3.21669366617577e-47
"30","CD7",1.62952303568331,0
"20","CD7",0.130690083021983,2.45000188196775e-05
"27","CD7",0.9489066462131,5.17398900451525e-61
"39","CD7",1.67846757226285,0
"9","CD7",-0.767100163894498,1.9294530327248e-142
"29","CD7",1.37853362482606,0
"7","CD7",-0.669958116129073,1.16826601677103e-130
"5","CD7",-0.760629491141886,5.85209773674285e-115
"28","CD7",1.6892994286368,0
"19","CD7",0.484349407091678,5.73892641802941e-34
"26","CD7",-0.574083780504906,2.50244238729494e-74
"17","CD7",0.00713649640185876,0.792713286628481
"37","CD7",1.43707913115606,0
"16","CD7",-1.12216258877865,1.11102386945096e-202
"18","CD7",0.799419494023766,2.01408462472023e-187
"6","CD7",-0.882782839623717,3.34998538733387e-81
"49","CD7",1.69673190334284,0
"8","CD7",-1.62500364326342,0
"15","CD7",-2.06721787130787,5.61398122563056e-08
"36","CD7",-1.20622504086316,1.10356736713133e-187
"35","CD7",-1.87549751835005,0.0502607933106869
"66","CD7",-1.67820978291865,1.99959424519947e-14
"38","CD7",1.35061287055782,0
"77","CD7",-0.811076307084186,2.05724363327906e-110
"10","CD7",1.24048275601009,0
"48","CD7",1.94243089114794,0
"78","CD7",-0.148127852716617,2.32663381571236e-07
"40","CD7",1.68751669577111,0
"46","CD7",-0.968783559735292,1.07415678153666e-88
"50","CD7",0.0943462789634637,0.00376655350397076
"68","CD7",-0.122748132813553,0.000885562920570924
"57","CD7",-0.490905315441984,2.24546267732975e-51
"58","CD7",1.41964585672537,0
"60","CD7",1.71808159707669,0
"47","CD7",1.53893033581781,4.52463365456128e-269
"69","CD7",-0.562450928359054,1.12773229950887e-41
"56","CD7",-0.618486138814888,2.45764212845476e-52
"59","CD7",0.0576578799573988,0.025247655052321
"67","CD7",-0.319090891570326,5.3383723671137e-10
"79","CD7",0.179398165128946,1.80629281207415e-07
"70","CD7",1.17871976084745,0
"73","CD7",-3.89419321850042,0
"93","CD7",-6.37822166617772,0
"74","CD7",-3.78010660885334,0
"63","CD7",-4.73245608581854,0
"62","CD7",-3.9889189133238,0
"84","CD7",-2.89907717214845,0
"52","CD7",-4.98405782125513,0
"76","CD7",-3.96430874463016,0
"65","CD7",-4.26997627561084,0
"83","CD7",-2.79957785639871,0
"75","CD7",NA,0
"64","CD7",-4.5138144431713,0
"25","CD7",-4.09364040495432,6.33430801945855e-212
"53","CD7",-4.60924272185917,0
"54","CD7",-5.21624382445215,0
"55","CD7",-5.0487647594585,0
"94","CD7",NA,0
"85","CD7",NA,0
"71","CD7",-4.28953758176296,0
"72","CD7",-4.10739651637513,0
"42","CD7",-4.34174642759058,0
"61","CD7",-4.29828841466186,0
"3","CD7",-2.77774236273335,0
"31","CD7",-3.49915911704122,0
"92","CD7",-3.32024952103076,0
"32","CD7",-4.40151402400087,0
"14","CD7",-3.73839323560515,0
"24","CD7",-5.55194930544508,0
"82","CD7",-3.27961484161722,0
"13","CD7",-3.606013137672,0
"21","CD7",-4.34500947070346,0
"4","CD7",-3.59361569281234,0
"12","CD7",-3.81816954903911,0
"22","CD7",-4.64085800932814,0
"23","CD7",-4.23579161585502,0
"1","CD7",-9.70595755552134,0
"33","CD7",-4.63572027004729,0
"2","CD7",-7.42983654490724,0
"43","CD7",-4.32753903296044,0
"34","CD7",-5.5399038131756,0
"41","CD7",-5.54253233388509,0
"11","CD7",NA,0
"51","CD7",-3.24887690227607,0
"91","CD7",-4.96862263040765,0
"81","CD7",-7.83201147526134,0
"98","CD15",0.178875212650042,0.0316269359609746
"88","CD15",0.319641491038918,0.000163804415868955
"89","CD15",-0.203075293230571,0.000798655065340516
"99","CD15",-0.0650574213584889,0.162978974231447
"90","CD15",-0.430483088684867,3.42088245537e-16
"80","CD15",-1.05145239816029,0.000431728524698134
"100","CD15",0.31240247533602,8.96352257119031e-11
"96","CD15",0.33898580269377,8.9763737658146e-09
"95","CD15",1.10904065336417,2.52576003768576e-77
"87","CD15",1.01244939491436,7.69328807829425e-80
"97","CD15",0.601888317297474,4.87005642990337e-09
"86","CD15",0.918108381779878,3.63004686373786e-32
"44","CD15",0.014567273680929,0.916561789265619
"45","CD15",-0.246453538022191,0.0116416712893655
"30","CD15",1.04119662153337,5.50986596298505e-98
"20","CD15",0.994646976753761,1.74180957778119e-79
"27","CD15",-0.00306629773376166,0.971071847207158
"39","CD15",0.576829831817579,4.9753238667885e-33
"9","CD15",-3.41797654734497,0
"29","CD15",0.480042739258001,4.88184160760364e-27
"7","CD15",0.528182238151259,2.09598722021781e-32
"5","CD15",0.452553436682505,6.86422920402038e-18
"28","CD15",-0.0271568864050975,0.536788786549989
"19","CD15",-2.14083646131703,1.80850730621986e-116
"26","CD15",-0.147736968799182,0.00540628786272148
"17","CD15",-0.183110536779822,0.001101558059667
"37","CD15",-0.12465855965175,0.0719090259878257
"16","CD15",-0.20299386690961,8.85467307579577e-05
"18","CD15",-4.09716013531271,0
"6","CD15",-1.16285880017829,2.71842443353428e-43
"49","CD15",0.603049553032019,1.07578806182513e-34
"8","CD15",-8.52099936045317,0
"15","CD15",1.14591354544462,0.0350696925181384
"36","CD15",-0.190505030367529,0.0037905606194859
"35","CD15",0.118447655993213,0.924192162645328
"66","CD15",0.453209334187273,0.143785404064548
"38","CD15",0.16942709345069,0.00834421171414819
"77","CD15",-0.0481232519802113,0.380309334621228
"10","CD15",-2.27258788080667,7.08487171126311e-307
"48","CD15",-0.129669160440078,0.0387576019876791
"78","CD15",0.264959582158627,3.6378099078005e-07
"40","CD15",1.03405184272146,1.40620786584356e-61
"46","CD15",-0.109689507707908,0.145042831700184
"50","CD15",0.962732636849367,5.08028971909541e-56
"68","CD15",0.593352258389869,8.969849998566e-22
"57","CD15",-0.160281151425166,0.00720854317872382
"58","CD15",0.161789874627767,0.0129867349245261
"60","CD15",-3.07720879760274,1.57927866873548e-261
"47","CD15",-0.00212195054196762,0.978446507660523
"69","CD15",-3.82231010439234,3.17280497380146e-271
"56","CD15",-0.310968556780724,2.84992496250958e-06
"59","CD15",-5.13290510156912,0
"67","CD15",-4.22800648465296,5.01743461207017e-133
"79","CD15",-3.02633172996605,2.87541691823872e-256
"70","CD15",-2.17690829142362,7.12201516339077e-283
"73","CD15",0.804035514201971,7.32117810644807e-43
"93","CD15",-3.41376185753354,0
"74","CD15",0.674226293886983,1.46352779478526e-36
"63","CD15",0.208013669841682,0.00107771615947149
"62","CD15",0.600092542611678,1.97394115347024e-27
"84","CD15",1.07301409995496,5.21770765168476e-67
"52","CD15",-0.0222728580146683,0.700061143492545
"76","CD15",0.343329518021877,6.22522393315461e-07
"65","CD15",0.15276498632201,0.0152648252089761
"83","CD15",1.20916507944403,6.40958569738511e-103
"75","CD15",-3.33394985637893,4.99587058854266e-120
"64","CD15",0.298080793553619,3.46353833674253e-07
"25","CD15",0.178484578151895,0.154969637059473
"53","CD15",0.0908641522182192,0.23317875481251
"54","CD15",-0.0492249950546695,0.52181144998238
"55","CD15",-0.279274085524726,0.000690635340247534
"94","CD15",NA,0
"85","CD15",-4.45013816607179,1.34696832725524e-246
"71","CD15",0.195780348874837,0.0275581693735997
"72","CD15",0.359917145961623,3.37335791913458e-07
"42","CD15",0.132054264000837,0.101851056314605
"61","CD15",0.306014725000612,2.21699532577502e-08
"3","CD15",1.19343314935238,1.03968272396994e-116
"31","CD15",0.752821968553371,2.41283175467401e-35
"92","CD15",0.458012223867364,2.84810868639813e-07
"32","CD15",0.158830184253917,0.00486381936140121
"14","CD15",0.554445230970303,1.42222962050847e-21
"24","CD15",-0.304448780014823,7.82969501965674e-05
"82","CD15",1.03224590134784,7.63140115465612e-60
"13","CD15",0.804148153553619,1.07227084558087e-55
"21","CD15",0.36721570564742,2.39577995216973e-07
"4","CD15",0.887053876685141,8.03890070890807e-74
"12","CD15",0.459054162693206,1.77490739864042e-18
"22","CD15",0.0756267933667285,0.176306313065407
"23","CD15",0.338726456425808,4.48145543062788e-13
"1","CD15",-1.72525588616243,4.34534512494387e-104
"33","CD15",-0.042379636741102,0.527313145133459
"2","CD15",-3.03412531085213,5.76826268404021e-225
"43","CD15",-0.0733170982037574,0.371407616106198
"34","CD15",-0.00912440017239646,0.900234154755068
"41","CD15",-2.32585697532526,3.2861491323985e-104
"11","CD15",-3.22881828608836,2.06395632761133e-242
"51","CD15",-0.391525903520837,1.20304170219515e-08
"91","CD15",-2.59856729690075,4.83365071721827e-295
"81","CD15",-5.00775308513869,0
"98","CD16",-0.196593952514011,0.0266399116193575
"88","CD16",-0.671166881585513,1.02760586281644e-12
"89","CD16",1.48282619628025,2.75629086003111e-45
"99","CD16",1.19773813474626,1.39861327833332e-39
"90","CD16",2.45620224805538,1.9519590059522e-170
"80","CD16",-0.265936770182434,0.430346044815522
"100","CD16",4.86657403140008,0
"96","CD16",-0.432960169139343,5.3768684473078e-11
"95","CD16",-0.253093795738969,0.000212978742561957
"87","CD16",-0.671221539799696,2.60410516986264e-23
"97","CD16",-0.0308313349620732,0.804453460001036
"86","CD16",-0.642603598659391,1.79451466129125e-11
"44","CD16",-1.24728674727679,7.83591187376281e-13
"45","CD16",-2.31804162948911,2.51769106140882e-62
"30","CD16",0.0409942222489272,0.475131540084269
"20","CD16",-0.0209863455965245,0.731556181343665
"27","CD16",-1.11913606947456,1.2843350019769e-26
"39","CD16",-0.474061971482358,6.11732627406545e-17
"9","CD16",-1.51988037476361,3.44360620663224e-140
"29","CD16",-0.835902118443765,1.80477720625705e-52
"7","CD16",-0.729485236425925,2.49833519299715e-41
"5","CD16",-0.772400142380823,1.37137323089917e-36
"28","CD16",-1.57117125858679,8.27853249384502e-168
"19","CD16",-2.02080236044071,1.16518947066611e-104
"26","CD16",-1.6559801784807,4.54835532588855e-140
"17","CD16",-1.40557561989819,5.42841439260531e-92
"37","CD16",-1.99042760349969,2.54866486572022e-105
"16","CD16",-1.44726304887688,2.59180359541934e-105
"18","CD16",-2.9802678128507,3.35572384777331e-290
"6","CD16",-1.98819730424728,9.12102454226269e-92
"49","CD16",-0.554247772704324,1.22557152707835e-20
"8","CD16",-3.0020030029351,0
"15","CD16",0.0173012187779342,0.969608134001834
"36","CD16",-1.90451079740145,7.78557452825797e-113
"35","CD16",1.3761432269434,0.616976422891242
"66","CD16",-1.39093302557868,3.13621410687303e-06
"38","CD16",-1.15375542453169,1.07157680055072e-49
"77","CD16",-1.1964186363594,1.46638797397314e-63
"10","CD16",-1.64827309851426,8.15758000005151e-147
"48","CD16",-1.40301086398883,3.14758560374008e-68
"78","CD16",-0.454758203183435,1.72022670128318e-13
"40","CD16",0.169301827887208,0.0179265016371385
"46","CD16",-1.69453673511131,7.14504943252824e-69
"50","CD16",0.170738543877841,0.0147110290951571
"68","CD16",-0.349262909848291,2.16856349666586e-06
"57","CD16",-1.24436433837568,3.00514635352038e-70
"58","CD16",-1.17256035304116,4.89599596451707e-53
"60","CD16",-2.22777437776756,1.08074752864946e-171
"47","CD16",-2.00633914348133,4.20047037715978e-94
"69","CD16",-2.38323743165333,5.14742240260796e-147
"56","CD16",-1.98643243520779,9.8746094231226e-115
"59","CD16",-3.02760552042571,9.27535721542746e-293
"67","CD16",-4.25409610891307,7.11590908448578e-142
"79","CD16",-1.71812399275856,7.56155565759116e-100
"70","CD16",-1.36086586438995,3.45536462175581e-101
"73","CD16",0.0387364144848421,0.543506630851082
"93","CD16",-1.09947029955643,6.29428724554393e-71
"74","CD16",-0.250547711610832,5.3450409518253e-05
"63","CD16",-0.819541312884463,1.17594110651375e-28
"62","CD16",-0.292688271114709,5.32043482571753e-06
"84","CD16",0.427139139579766,1.09932928240808e-09
"52","CD16",-1.05706365055505,5.97693169126169e-51
"76","CD16",-0.344038657944435,4.75739237907986e-06
"65","CD16",-0.613108526724313,2.75568161619893e-18
"83","CD16",0.49352716276529,5.30917312364907e-13
"75","CD16",-3.25980302044284,1.81361449675633e-133
"64","CD16",-0.716433978246161,8.01212771283707e-25
"25","CD16",-0.0244956735681408,0.856195691259186
"53","CD16",-0.832409966309391,4.13501404210331e-21
"54","CD16",-1.46889851897468,1.24363694600762e-53
"55","CD16",-1.86746439369143,3.10939695399811e-60
"94","CD16",-2.41311413828782,1.63473246672516e-235
"85","CD16",-1.05415926084704,2.36607038792084e-35
"71","CD16",-1.06441501681917,1.55228578431881e-24
"72","CD16",-0.727398319465945,3.36114006081721e-18
"42","CD16",-0.601053715164727,2.95347845122551e-09
"61","CD16",-0.634480321122843,3.58089904831829e-23
"3","CD16",0.685924381911133,1.34524865959989e-28
"31","CD16",0.175994824883992,0.0130180324278416
"92","CD16",0.432209453421458,7.66654225741042e-06
"32","CD16",-0.618338141113049,5.7879899551076e-21
"14","CD16",-0.0924051453722345,0.19173464804157
"24","CD16",-1.40566065437096,4.29015287708493e-58
"82","CD16",0.0039869204514309,0.954901758486691
"13","CD16",-3.37807028012449e-05,0.999527904457143
"21","CD16",-0.216484714635303,0.00894785499552546
"4","CD16",0.363066005660461,9.95300006346227e-10
"12","CD16",-0.179419751180417,0.0059257204088825
"22","CD16",-0.585548066837379,5.47163550712045e-20
"23","CD16",-0.332666735527544,6.96712323616026e-09
"1","CD16",-0.666136336638662,6.14494233932163e-27
"33","CD16",-1.2209468980464,6.0742439877658e-53
"2","CD16",-1.13647889589569,1.88651228969555e-61
"43","CD16",-0.9472892625948,2.44355135423049e-15
"34","CD16",-1.20674535188503,1.35759777001499e-42
"41","CD16",-0.719117220817068,1.34734546800976e-17
"11","CD16",-2.00116887714047,2.52043850116611e-162
"51","CD16",-0.655741945453772,4.93117334355205e-21
"91","CD16",-1.25207709532228,7.73296670108785e-85
"81","CD16",-2.67659639821392,2.5882847129156e-247
"98","CD44",-0.0705793308303737,2.8459099295202e-09
"88","CD44",-0.141191900542093,6.63666214960722e-22
"89","CD44",-0.730979884097472,0
"99","CD44",-0.403820514715694,9.3195874037248e-266
"90","CD44",-0.324925029081808,3.17590467070301e-215
"80","CD44",0.0508633996758912,0.369864480417519
"100","CD44",-0.700392385914007,0
"96","CD44",0.111819802682647,1.50588586135317e-50
"95","CD44",-0.100980311718995,3.9698056367905e-40
"87","CD44",-0.250472995211387,3.34578275289723e-148
"97","CD44",0.142594252705226,2.28825919409784e-23
"86","CD44",-0.19723237175535,3.20045495910691e-52
"44","CD44",-0.137831592104715,6.75649345545131e-09
"45","CD44",-0.578468267202887,1.69614926232291e-140
"30","CD44",0.0571292894198848,3.41567345842866e-25
"20","CD44",0.180329376345649,1.05327945061159e-162
"27","CD44",-0.0941695507925691,9.33736619949299e-19
"39","CD44",0.157840022609478,2.30069088908476e-162
"9","CD44",0.216909548619684,1.0377438261099e-288
"29","CD44",-0.115561481956565,6.00547779967193e-106
"7","CD44",0.165936599293123,4.00555989476047e-229
"5","CD44",0.0243660723518786,5.85858424752105e-05
"28","CD44",-0.0323070596087645,8.50494256202215e-09
"19","CD44",0.00191582255760636,0.816610569442009
"26","CD44",0.156687483329832,1.31366264511081e-162
"17","CD44",-0.387436547939603,0
"37","CD44",-0.0804841815757062,4.26161729347095e-18
"16","CD44",0.0686997175294582,1.78690491837451e-33
"18","CD44",0.0670866965465551,8.58818456832757e-29
"6","CD44",-0.390312142235614,4.81228395751659e-186
"49","CD44",-0.00906758956148412,0.126958021697222
"8","CD44",0.219034301431789,1.9392771751343e-289
"15","CD44",0.237447130734037,0.0235118722602366
"36","CD44",0.0471110021420559,3.52117662534761e-09
"35","CD44",0.00870540537416709,0.975463768306593
"66","CD44",-0.200498312286687,3.20772877914419e-06
"38","CD44",-0.144757691793175,1.30543078944722e-53
"77","CD44",0.108394101506079,1.0650851981692e-85
"10","CD44",0.034914790563348,7.97471206626866e-10
"48","CD44",-0.0850297630755366,8.73058724430279e-21
"78","CD44",-0.0646359181149098,2.66933787320989e-28
"40","CD44",0.086792912097335,4.7781061468826e-35
"46","CD44",-0.0162378246961882,0.103613046338299
"50","CD44",0.0927094072323319,7.78458425425955e-43
"68","CD44",0.172260668454783,1.06381702423091e-118
"57","CD44",0.0205373257546067,0.00168590926054189
"58","CD44",-0.0587540144346627,9.16614399258542e-13
"60","CD44",-0.0252232289763441,0.0016085266824018
"47","CD44",-0.0611272687735415,8.54186441285572e-10
"69","CD44",0.231738683227278,1.38254283815566e-243
"56","CD44",-0.412875679135411,7.70217770143836e-246
"59","CD44",0.0819127955742776,1.71654664725419e-48
"67","CD44",-0.530547203476305,4.81556722380949e-158
"79","CD44",0.0411634034954599,5.46108953312438e-08
"70","CD44",0.0418175617498309,8.4470900227425e-13
"73","CD44",0.150919473492803,1.24923345272334e-114
"93","CD44",0.0851957902984724,1.01133365977933e-41
"74","CD44",0.0878203160701503,1.39657731383886e-57
"63","CD44",0.00231695370092611,0.789577976113599
"62","CD44",-0.0692847558707164,3.66894783277203e-33
"84","CD44",0.192412609858586,2.04489134762669e-141
"52","CD44",-0.154055901475891,1.46606946955407e-87
"76","CD44",-0.00817995896376877,0.330318411547544
"65","CD44",0.2357678721928,4.66831779534486e-230
"83","CD44",0.0712459133107753,1.51138410681168e-36
"75","CD44",-0.400556847232807,2.90918059821359e-105
"64","CD44",0.0990583349115212,1.30514706785935e-48
"25","CD44",0.130257219766472,5.98743616332381e-22
"53","CD44",0.07496925349136,4.08277405953542e-17
"54","CD44",-0.0702299695169535,3.84834810819633e-10
"55","CD44",-0.260935824628166,7.61123161466304e-51
"94","CD44",0.112198860934272,1.35439981692966e-68
"85","CD44",0.207139048456874,3.35189578764521e-101
"71","CD44",-0.741375964183277,4.01282894894217e-219
"72","CD44",-0.531696647024973,1.74199586124292e-228
"42","CD44",0.156870763115344,1.04029391723406e-77
"61","CD44",-0.674747892080334,0
"3","CD44",0.234942807930332,0
"31","CD44",0.166594872650393,1.14016460944369e-146
"92","CD44",0.0443918533577994,0.00662413945466893
"32","CD44",0.187338878880355,5.60508174387196e-210
"14","CD44",0.0763090996018533,7.53711540621404e-39
"24","CD44",0.0241806138767522,0.0280763777151695
"82","CD44",-0.362506087372265,4.4791494811629e-242
"13","CD44",0.167386052052844,4.68939528019997e-223
"21","CD44",0.280359928168673,5.12805991417093e-231
"4","CD44",0.290608909203034,0
"12","CD44",0.287618297090084,0
"22","CD44",0.284482001293939,0
"23","CD44",0.274904304239062,0
"1","CD44",0.352840187704986,0
"33","CD44",0.280498075475324,8.49386400056202e-257
"2","CD44",0.195483342471292,5.0807088951805e-190
"43","CD44",0.10206862518461,1.3591122552467e-28
"34","CD44",0.226131387852198,2.99903730021374e-162
"41","CD44",0.234663607060035,2.64285668189631e-174
"11","CD44",0.31966243128208,0
"51","CD44",0.0390987210903244,4.41783156461594e-07
"91","CD44",-0.772236718273681,0
"81","CD44",-1.12989384082316,0
"98","CD38",1.33798266316085,0
"88","CD38",0.895410443162604,6.35561069948298e-102
"89","CD38",1.21149467635223,0
"99","CD38",-0.666661004912172,2.90995725872424e-119
"90","CD38",-0.306966747590705,1.0942210400691e-35
"80","CD38",-1.93360521044618,4.89636734985897e-25
"100","CD38",0.664779164304953,1.66610849973511e-140
"96","CD38",1.33622704478093,0
"95","CD38",0.895302674011379,4.88974975460156e-228
"87","CD38",1.23569060484326,0
"97","CD38",1.34995973371951,8.59244521551641e-222
"86","CD38",-0.362009245074204,8.36064104141967e-41
"44","CD38",0.150070299939065,0.020302560979149
"45","CD38",-1.65524444811921,1.12645372938202e-142
"30","CD38",-0.234167078736611,1.10046991373307e-33
"20","CD38",-0.701091717732128,6.60041206454549e-213
"27","CD38",0.985316438407741,2.13474683599713e-185
"39","CD38",-1.03413302987346,0
"9","CD38",-1.52873359464658,0
"29","CD38",-0.742059228110841,0
"7","CD38",-1.43044106130581,0
"5","CD38",-1.25195221220922,0
"28","CD38",-1.40087128776751,0
"19","CD38",0.738949710928512,8.8800879205885e-167
"26","CD38",-1.81036448091038,0
"17","CD38",-1.31385585233505,0
"37","CD38",-1.22096721616403,4.68674709416636e-186
"16","CD38",-1.7601702974038,0
"18","CD38",-1.17311673274659,0
"6","CD38",-2.02050625534431,0
"49","CD38",-1.13381890254007,0
"8","CD38",-2.26785534394572,0
"15","CD38",-0.570443771173736,0.047523362323922
"36","CD38",-1.94098574261038,0
"35","CD38",-1.45879362873956,0.0924189044821395
"66","CD38",-1.33974671507439,6.71102223108358e-18
"38","CD38",-1.52354933623181,0
"77","CD38",-1.81399038500733,0
"10","CD38",-0.398705293385302,2.93172714195717e-101
"48","CD38",-1.76534049252007,0
"78","CD38",-1.21487743919735,0
"40","CD38",-0.496570264117877,1.31959196477327e-79
"46","CD38",-2.1781949586319,0
"50","CD38",-0.670820810308956,4.11785310673827e-135
"68","CD38",-1.22240080608106,2.43062430577525e-267
"57","CD38",-1.84447083872566,0
"58","CD38",-1.41385193966028,0
"60","CD38",-1.75004114047526,0
"47","CD38",-2.04008942864715,0
"69","CD38",-2.20805120454011,0
"56","CD38",-2.08866056123925,0
"59","CD38",-1.95858059874974,0
"67","CD38",-2.47194533949367,1.92729813291726e-278
"79","CD38",-1.23281164371119,3.87424774807408e-260
"70","CD38",-0.908892095369921,7.72902429893738e-294
"73","CD38",-0.755859312460327,2.47756234040659e-196
"93","CD38",-0.227615630483519,5.49464080275104e-27
"74","CD38",-0.333894778171549,4.49250483342414e-56
"63","CD38",-1.10023056244923,4.41994590888839e-228
"62","CD38",0.457080170916776,1.58009217381818e-136
"84","CD38",-0.29092745898415,1.09174999424874e-39
"52","CD38",-0.198040547015528,3.03605509561005e-16
"76","CD38",-0.476691013835728,1.7436376211653e-61
"65","CD38",-1.11466748179239,7.89618706754574e-231
"83","CD38",0.394858838554023,8.93128679478485e-85
"75","CD38",-1.55647489247188,1.0025713082852e-175
"64","CD38",-1.00661989650792,4.52215172572448e-226
"25","CD38",0.0591414130276635,0.119153896850854
"53","CD38",-1.09969086908034,9.61498980416491e-160
"54","CD38",-0.580660937728557,1.78340429124234e-43
"55","CD38",-1.33660681296947,3.1068494832621e-146
"94","CD38",-1.02119500866772,1.92645400988432e-249
"85","CD38",-1.11697099468921,3.22427836367334e-181
"71","CD38",1.59693998454491,0
"72","CD38",1.60220077022695,0
"42","CD38",1.0527653868313,6.74230140100236e-256
"61","CD38",1.62807999057614,0
"3","CD38",0.719441590351385,0
"31","CD38",1.07515588154498,0
"92","CD38",1.84316191150242,0
"32","CD38",0.777198311275857,0
"14","CD38",0.265856124400854,2.45162325586158e-51
"24","CD38",-0.683320389433035,4.57584191709598e-118
"82","CD38",1.63740720068594,0
"13","CD38",0.848862878354026,0
"21","CD38",-0.253647432155894,3.4442968116275e-21
"4","CD38",0.381139761557046,5.00303962499838e-144
"12","CD38",0.570243056244398,6.91787634731532e-235
"22","CD38",-0.414558282610428,1.30029372925388e-94
"23","CD38",0.272167208869743,6.23370980542093e-72
"1","CD38",0.458982965559408,6.15041084008873e-163
"33","CD38",-0.341647239927334,2.35691561518237e-37
"2","CD38",0.951528374572694,0
"43","CD38",0.137901432132196,9.45855709562032e-06
"34","CD38",-0.086390139377416,0.00222472899720793
"41","CD38",1.15789425292587,0
"11","CD38",0.148853643916225,6.28020926199202e-13
"51","CD38",0.568206949670083,3.35306774237318e-98
"91","CD38",1.72245449336169,0
"81","CD38",1.70476522543172,0
"98","CD13",1.22326271710943,4.8073482370704e-76
"88","CD13",0.345726095511768,3.59386322307088e-06
"89","CD13",-0.991888648203859,1.0299604519991e-96
"99","CD13",-2.18712646086644,0
"90","CD13",-1.62382708273163,7.3051471481145e-306
"80","CD13",-2.2056489416566,1.1872730108191e-15
"100","CD13",-1.52477867117929,5.89473211026316e-265
"96","CD13",1.80320096139435,4.19955777420644e-214
"95","CD13",1.30554842531697,5.3444546529062e-153
"87","CD13",0.671428139881117,3.20372646699376e-45
"97","CD13",0.554763963836016,1.3618440847218e-12
"86","CD13",0.184406438242875,0.0063812920515251
"44","CD13",-0.292395781360085,0.0230180034103322
"45","CD13",-1.34617200422748,6.30420914292128e-53
"30","CD13",0.182734166496031,3.14534786820152e-07
"20","CD13",0.0813220213593189,0.0648889363912927
"27","CD13",-0.392992272501415,2.15272147399901e-11
"39","CD13",-0.620403934814835,1.46025750990007e-62
"9","CD13",-0.835348271055664,5.11325598747544e-112
"29","CD13",-0.358316907857008,8.13526389992409e-27
"7","CD13",-0.854153876474188,6.42205325024283e-122
"5","CD13",-0.52519529962758,4.10526198068564e-36
"28","CD13",-1.3131607714497,6.78442657712731e-279
"19","CD13",-0.18984351965376,7.62196415416498e-05
"26","CD13",-1.44951925360245,1.79481353632162e-244
"17","CD13",-0.989641376677632,2.01569058201633e-100
"37","CD13",-1.48846037408213,3.1445811367631e-149
"16","CD13",-1.33066691002237,1.38934654405133e-192
"18","CD13",-1.42551300520097,3.95177099808309e-243
"6","CD13",-1.97167814813827,1.10596475461696e-211
"49","CD13",-0.5632355954035,3.58363972113197e-48
"8","CD13",-2.11775808310323,0
"15","CD13",-0.889645455254436,0.0625270244109015
"36","CD13",-1.91243080018809,9.50295244196364e-221
"35","CD13",-1.41172486918739,0.084361188636523
"66","CD13",-1.60703586174811,4.60984172050602e-13
"38","CD13",-0.765182137787482,4.38736637877873e-43
"77","CD13",-1.59726277240436,2.04531478213792e-228
"10","CD13",-0.17860612062995,1.56754658104713e-07
"48","CD13",-1.5226852777325,1.07663521592501e-169
"78","CD13",-0.667870121757322,1.46416975829599e-63
"40","CD13",0.169051240859967,0.000197416711083421
"46","CD13",-2.08801184171161,1.69502751669254e-198
"50","CD13",0.0207833294591331,0.655246060402997
"68","CD13",-0.702184717796302,1.58333731659714e-44
"57","CD13",-1.33159608397145,1.5462364674288e-172
"58","CD13",-0.965961746585617,1.43509553596783e-75
"60","CD13",-1.44833161688933,3.090287043667e-195
"47","CD13",-1.64389576782457,6.05329356320566e-118
"69","CD13",-2.19323850892186,8.58229773043701e-291
"56","CD13",-1.82166778252173,4.88412901577262e-221
"59","CD13",-1.82626951999722,0
"67","CD13",-2.59136098999195,3.33303937865486e-193
"79","CD13",-0.90588000256471,2.70956272154636e-77
"70","CD13",-0.306502593266146,3.76208786033052e-17
"73","CD13",-1.05721715048979,5.10554144531619e-112
"93","CD13",-1.01257672992435,1.89458513588377e-135
"74","CD13",-0.940534289624861,9.36974230303499e-75
"63","CD13",-1.89014270390073,2.28817757122279e-225
"62","CD13",-0.792075913544681,4.18458218779894e-67
"84","CD13",-0.351730426017428,2.04279127129045e-11
"52","CD13",-1.61182408270648,1.0420618084578e-213
"76","CD13",-0.98991865962497,4.32755742903376e-63
"65","CD13",-1.54013229503238,1.09462550922871e-169
"83","CD13",-0.155679787364397,0.000470951230213808
"75","CD13",-2.75934376598679,1.39275407166668e-228
"64","CD13",-1.62374625319062,2.4647100786569e-191
"25","CD13",0.31688268669269,0.00136210841702686
"53","CD13",-1.94992448654491,2.09586714942794e-180
"54","CD13",-2.03516684831667,3.7386548995041e-156
"55","CD13",-2.11225938092102,1.22477008011727e-141
"94","CD13",-2.47258640002977,0
"85","CD13",-1.87800737496504,5.02153792769987e-195
"71","CD13",-0.318973874761308,9.47248726350819e-08
"72","CD13",0.0276999843909218,0.556622596194555
"42","CD13",0.136321978263247,0.0352051540690828
"61","CD13",0.375217214127899,1.69062805801949e-22
"3","CD13",1.58529225485567,1.00449955089837e-231
"31","CD13",0.753937764233137,4.39884965900391e-50
"92","CD13",1.23194945701491,1.00643014502752e-48
"32","CD13",0.474665418350138,7.62702007192439e-24
"14","CD13",1.26925448728372,4.85584696958922e-133
"24","CD13",0.395393092192717,6.23321777683351e-10
"82","CD13",1.00121376944978,6.2225311622414e-106
"13","CD13",0.800249757960968,9.17037703875285e-85
"21","CD13",1.26280559677306,1.26878855557721e-79
"4","CD13",1.70354733886304,2.40540292052699e-289
"12","CD13",1.2401791141873,6.29331362087991e-129
"22","CD13",0.939408456954285,9.77755795478104e-71
"23","CD13",1.03959383648358,3.75950843642636e-112
"1","CD13",2.29812473255472,0
"33","CD13",0.821589718586708,4.12734700015854e-36
"2","CD13",0.818447731871922,4.15780809383382e-65
"43","CD13",0.368661954667949,2.68530532125255e-06
"34","CD13",0.100056724755602,0.103902283283268
"41","CD13",0.935312308674791,3.06715397857703e-50
"11","CD13",1.54653272992128,4.34346089812536e-168
"51","CD13",0.288222469447452,7.58666037786175e-08
"91","CD13",1.12426745520089,2.00675740135884e-223
"81","CD13",0.20770934654251,3.63975073542222e-09
"98","CD3",-3.21161382942536,0
"88","CD3",-3.65528430240264,0
"89","CD3",-3.54539772551734,0
"99","CD3",-3.49581621890938,0
"90","CD3",-3.30534824593647,0
"80","CD3",-0.404742723830028,8.12985807569932e-08
"100","CD3",-3.27256412723371,0
"96","CD3",-3.72302399442563,0
"95","CD3",-2.92877067092184,0
"87","CD3",-3.43778484489345,0
"97","CD3",-3.88244669490042,0
"86","CD3",-3.31372575172595,0
"44","CD3",-3.8755693835444,7.6942006607061e-185
"45","CD3",0.753280498312797,2.2102530414112e-178
"30","CD3",1.1811234657598,0
"20","CD3",1.08319843288756,0
"27","CD3",1.15025198361167,0
"39","CD3",1.17656491161984,0
"9","CD3",1.09516368375154,0
"29","CD3",1.17106971950485,0
"7","CD3",1.10977626731951,0
"5","CD3",1.04519681496368,0
"28","CD3",1.15781480260009,0
"19","CD3",1.19101749330207,0
"26","CD3",1.07814654177345,0
"17","CD3",1.12475038070288,0
"37","CD3",1.13149801826734,0
"16","CD3",1.04655111506894,0
"18","CD3",1.21520589583677,0
"6","CD3",0.762263823467593,0
"49","CD3",1.10197239968023,0
"8","CD3",1.11016451741728,0
"15","CD3",0.357579377058829,0.00138520229304289
"36","CD3",1.06290716841749,0
"35","CD3",-0.190716664259446,0.526931857026651
"66","CD3",0.445199380894424,7.83237049395223e-14
"38","CD3",1.04235784433091,0
"77","CD3",1.04857475495888,0
"10","CD3",1.19942728776061,0
"48","CD3",1.06197733174998,0
"78","CD3",1.06670530976093,0
"40","CD3",1.11146870729057,0
"46","CD3",1.02633288656578,0
"50","CD3",1.06055981194627,0
"68","CD3",1.12638560111488,0
"57","CD3",1.09022522845283,0
"58","CD3",1.12830068325681,0
"60","CD3",1.05192535349405,0
"47","CD3",1.06849643275885,0
"69","CD3",0.973624669010152,0
"56","CD3",0.921410053957077,0
"59","CD3",1.09441909956181,0
"67","CD3",0.632157579984207,1.24826393109686e-204
"79","CD3",0.968003710704937,0
"70","CD3",1.07707414783701,0
"73","CD3",-2.59658497403974,0
"93","CD3",-3.57628954198488,0
"74","CD3",-2.70384332709166,0
"63","CD3",-3.23146927866054,0
"62","CD3",-2.84663090458282,0
"84","CD3",-2.27615584887148,0
"52","CD3",-3.30270576266353,0
"76","CD3",-2.8608321958554,0
"65","CD3",-3.16345208191834,0
"83","CD3",-2.16279071398364,0
"75","CD3",-4.58000285843426,0
"64","CD3",-3.32102522535308,0
"25","CD3",-2.61889080686233,6.19229145114904e-199
"53","CD3",-3.56385675992818,0
"54","CD3",-3.70213102362718,0
"55","CD3",-3.52557054088236,0
"94","CD3",-4.50674584156066,0
"85","CD3",-4.04862370336071,0
"71","CD3",-4.24203259948846,0
"72","CD3",-3.36287175424508,0
"42","CD3",-3.1823229924661,0
"61","CD3",-3.88297595364112,0
"3","CD3",-2.07935243084423,0
"31","CD3",-2.595859241536,0
"92","CD3",-4.18958814852655,0
"32","CD3",-3.14049108861492,0
"14","CD3",-2.93667719894019,0
"24","CD3",-3.68431460722897,0
"82","CD3",-2.89540858433122,0
"13","CD3",-2.47401005746669,0
"21","CD3",-2.92541138853017,0
"4","CD3",-2.34331781881765,0
"12","CD3",-2.83203568932049,0
"22","CD3",-3.30552142847638,0
"23","CD3",-3.1426176459751,0
"1","CD3",-3.80233150559147,0
"33","CD3",-3.50841117040964,0
"2","CD3",-3.39352996116029,0
"43","CD3",-3.38521981304255,0
"34","CD3",-3.7418758522229,0
"41","CD3",-2.98306041882052,0
"11","CD3",-4.70589493708773,0
"51","CD3",-3.70826140072289,0
"91","CD3",-4.94084886572702,0
"81","CD3",-5.83041046556379,0
"98","CD61",0.59767689060404,1.07781520125941e-13
"88","CD61",0.292961897925785,0.00124799219457513
"89","CD61",-0.79570987564027,6.28264639388799e-30
"99","CD61",-0.739204727073428,7.63949165659923e-42
"90","CD61",-1.30055682906443,1.72015764631708e-82
"80","CD61",-1.05095823333406,0.000171025904435619
"100","CD61",-0.383873876510849,1.29966959897789e-11
"96","CD61",-1.27156440644266,6.99164750903016e-80
"95","CD61",0.00566513291786741,0.925820219770084
"87","CD61",-0.268042624024932,1.67265963993015e-06
"97","CD61",-0.770243009662257,9.50571595838075e-12
"86","CD61",-0.61279097988626,5.23200078513006e-12
"44","CD61",-0.287398249617485,0.0830359799250004
"45","CD61",-0.609134790882012,4.86774325888964e-09
"30","CD61",1.12868263488879,9.66753089872369e-102
"20","CD61",0.999594524664183,3.02785490793016e-67
"27","CD61",-0.221766359221613,0.0117715530726889
"39","CD61",0.355875455391359,1.09905732277712e-12
"9","CD61",-1.78515961858665,7.35203969780178e-303
"29","CD61",0.46203764453705,3.73732813394297e-24
"7","CD61",0.361751233399687,3.52360446888993e-14
"5","CD61",0.356578844373629,8.33218236646395e-12
"28","CD61",-0.278084739704851,2.84419748074926e-10
"19","CD61",-1.09376535903795,6.40832034638054e-62
"26","CD61",-0.283484174035675,2.21603655961941e-07
"17","CD61",-0.304012366832147,3.88800570170259e-09
"37","CD61",-0.343858065339978,2.31409691572096e-06
"16","CD61",-0.357488957285637,6.37447270212141e-11
"18","CD61",-2.21673052366277,0
"6","CD61",-1.17693505129707,1.15789024707356e-49
"49","CD61",0.558302949850184,1.35033444060995e-26
"8","CD61",-3.76033409060429,0
"15","CD61",0.187023854190521,0.703345376194629
"36","CD61",-0.49741894094832,2.38367586566414e-12
"35","CD61",NA,0.000736455553277982
"66","CD61",0.277215081298706,0.363070054657782
"38","CD61",0.0479065847903808,0.443121381934664
"77","CD61",-0.226998687069688,0.000103303510813161
"10","CD61",-0.835132295439096,3.61880254621725e-86
"48","CD61",-0.20836984325886,0.00156498005326585
"78","CD61",0.407608353091852,2.13599146322879e-14
"40","CD61",1.0041053407348,1.17638824081171e-49
"46","CD61",-0.657452655600877,2.5272112405571e-17
"50","CD61",0.992950071020134,1.46637708210649e-51
"68","CD61",0.506206825160529,4.72148909026702e-14
"57","CD61",-0.0990897966685829,0.106339028465456
"58","CD61",-0.185993284042403,0.00629200122734155
"60","CD61",-2.20283294351005,1.90350618457957e-238
"47","CD61",-0.354101413870012,2.13412207053913e-05
"69","CD61",-3.86613559660884,0
"56","CD61",-0.230641103628577,0.000823193538354137
"59","CD61",-2.95228261753989,0
"67","CD61",-3.94924068791869,2.13201465318822e-175
"79","CD61",-1.69120342930489,8.09202543898141e-147
"70","CD61",-1.16948655353507,1.9168515823222e-145
"73","CD61",0.38537520768985,4.28758733244683e-09
"93","CD61",-3.98641762637146,0
"74","CD61",0.14485521612294,0.0146493996238884
"63","CD61",-0.292320255804589,2.42055424349499e-05
"62","CD61",0.130694882895912,0.0358096175743109
"84","CD61",0.664416655598699,2.35893537104885e-20
"52","CD61",-0.356893683557438,2.75182575702777e-08
"76","CD61",-0.0119526528467864,0.877955175019432
"65","CD61",-0.286221129259019,4.57203907265123e-05
"83","CD61",0.894825627181413,1.23985627283693e-40
"75","CD61",-4.16317103424063,7.70289864611683e-142
"64","CD61",-0.389278796547758,9.03869063926089e-09
"25","CD61",0.741901037089891,1.32583002706192e-09
"53","CD61",-0.807942264544035,3.71607181459778e-20
"54","CD61",-0.702106579587699,3.99241572213855e-17
"55","CD61",-0.7884460388303,8.32292351299377e-17
"94","CD61",NA,0
"85","CD61",-5.81149935954575,0
"71","CD61",-0.668608662643623,3.61324188653384e-14
"72","CD61",-0.201256374454739,0.00884258588568019
"42","CD61",0.032117523448604,0.704220748269203
"61","CD61",-0.375558893205193,8.30426116480019e-12
"3","CD61",1.66090025780308,3.61487054464757e-193
"31","CD61",0.477115642337133,3.85415789287708e-13
"92","CD61",-0.350059278104141,8.1639499790991e-05
"32","CD61",0.686694863928802,1.25182495515964e-30
"14","CD61",0.968499956410904,1.03878328352215e-58
"24","CD61",0.353248105459999,1.73093934693003e-06
"82","CD61",0.400676934617888,4.55742442124125e-10
"13","CD61",1.02381025715113,1.0350491778532e-76
"21","CD61",0.962486661960919,1.96789704796649e-39
"4","CD61",1.67324098066029,1.06894938160507e-223
"12","CD61",1.2621022436413,1.61663252967488e-103
"22","CD61",0.883095165433765,7.47867271414988e-49
"23","CD61",1.26565462669666,2.90071170556636e-130
"1","CD61",0.588094707624613,3.96022705045505e-23
"33","CD61",0.755133318272928,4.53343158592218e-26
"2","CD61",-0.0303787776203919,0.645448765134608
"43","CD61",0.363626369846494,2.89171241634388e-05
"34","CD61",0.631332460193607,1.06018802250899e-17
"41","CD61",-0.915855831451399,7.22401300047017e-28
"11","CD61",-0.393617875346934,5.51622005337935e-11
"51","CD61",-0.535742937032141,3.63554596511507e-15
"91","CD61",-1.59877894746569,2.37076064896606e-220
"81","CD61",-3.40729108146746,0
"98","CD117",-1.80850964802876,1.13587102097466e-57
"88","CD117",-1.53860133985646,4.73331030205169e-23
"89","CD117",-3.99997162578035,3.85548933139031e-189
"99","CD117",-2.49819463574133,5.47230057623828e-140
"90","CD117",-2.49432066660482,1.80928497394555e-131
"80","CD117",-1.05542614418045,0.00140390357200233
"100","CD117",-3.21017267428572,2.56072008912836e-251
"96","CD117",3.3067088781679,7.78173614390029e-239
"95","CD117",3.19505543290477,5.95237751421672e-245
"87","CD117",2.90287764148543,3.85426628952302e-170
"97","CD117",1.09351853504296,6.70581968974754e-11
"86","CD117",2.89430161655004,3.7207829761919e-113
"44","CD117",-3.00077986186913,2.7262802713139e-29
"45","CD117",-0.178032996266905,0.147284477087723
"30","CD117",1.58833814520549,1.49029322143373e-142
"20","CD117",1.27420201845353,5.62432509867483e-85
"27","CD117",0.622524906071818,5.32737507630579e-10
"39","CD117",0.519323661194745,1.66535643975274e-20
"9","CD117",0.575846953748925,1.44564555108933e-28
"29","CD117",0.89157088396285,5.44495276423414e-66
"7","CD117",0.286404862736998,3.12642506807974e-08
"5","CD117",0.794657380880665,1.20167189510044e-40
"28","CD117",0.0283650452944357,0.575637463273805
"19","CD117",0.741427594642456,3.32008443091843e-21
"26","CD117",-0.382037521481149,9.47832211662121e-11
"17","CD117",0.19187441722422,0.000671944590200441
"37","CD117",-0.621860307921167,5.26032469206665e-15
"16","CD117",-0.00333971758097018,0.95587628990725
"18","CD117",0.0303941050711121,0.595895723879074
"6","CD117",-0.255698668696529,0.00100658663054074
"49","CD117",0.791430020698996,5.96580990561513e-40
"8","CD117",-0.452270578953331,1.1840059778654e-16
"15","CD117",-1.23480263258507,0.0346065247767793
"36","CD117",-1.27683896015176,2.95994684498734e-65
"35","CD117",-4.674686502179,0.0395541815386428
"66","CD117",-0.313870930808967,0.399782222370129
"38","CD117",0.368682201379998,1.97793769810168e-07
"77","CD117",-0.382495588516681,8.32717354571886e-09
"10","CD117",1.28360914969831,6.18026357596647e-123
"48","CD117",-0.318974567430272,6.90941035439895e-06
"78","CD117",0.649090992488173,3.49021631467003e-26
"40","CD117",1.50989805033816,2.42868423423308e-81
"46","CD117",-1.39281267740459,8.76392877999703e-54
"50","CD117",1.24052278064998,4.37290561495005e-57
"68","CD117",0.314002456856525,4.36822185385719e-05
"57","CD117",-0.246980404510315,0.000130492143007932
"58","CD117",0.214735448582179,0.00295525904268728
"60","CD117",0.100970701371199,0.114927527988341
"47","CD117",-0.508270221613426,1.13660546464539e-08
"69","CD117",-0.644067309223665,2.5511321565442e-18
"56","CD117",-0.188276760853564,0.0127531147806055
"59","CD117",-0.309027958778604,2.19640077063135e-07
"67","CD117",-0.659779000326711,1.23922856294474e-09
"79","CD117",0.46824693837857,4.57265644369598e-12
"70","CD117",1.11259444477869,3.5142109282797e-87
"73","CD117",-1.6462012794987,1.41134067867003e-86
"93","CD117",-3.65011474295079,1.53299989224293e-302
"74","CD117",-1.89539211852618,3.75413384251428e-116
"63","CD117",-2.73381542876568,2.26151380630306e-152
"62","CD117",-1.67054095185569,3.02020827877024e-79
"84","CD117",-1.29871584396526,9.73693976400863e-50
"52","CD117",-2.87783189522284,4.17494282040021e-182
"76","CD117",-2.4736877092085,9.02609344910354e-114
"65","CD117",-2.66450634719364,6.70734369054646e-125
"83","CD117",-0.892909215876176,8.94533091784189e-28
"75","CD117",NA,1.50509623154675e-212
"64","CD117",-2.76508015482246,9.45403200880499e-173
"25","CD117",-3.13388901008601,5.8785378582969e-53
"53","CD117",-4.43700695478862,1.25381430769164e-186
"54","CD117",-3.69959082285489,3.55160494451634e-126
"55","CD117",-3.51470177790502,2.25493112299883e-106
"94","CD117",NA,0
"85","CD117",-5.51657790824314,2.35723104938086e-217
"71","CD117",NA,4.57833767449176e-186
"72","CD117",-2.51979193652382,1.97977865442696e-99
"42","CD117",-2.3409353062495,8.90339751876984e-88
"61","CD117",-2.65402610135216,3.18118582940901e-150
"3","CD117",-0.920645205968153,2.24825389144866e-35
"31","CD117",-1.53586375608822,3.77143927306479e-67
"92","CD117",-3.2677177619425,3.22089736376584e-58
"32","CD117",-3.40926469293356,5.75576018244285e-235
"14","CD117",-1.99334792535622,2.33985229478236e-91
"24","CD117",-3.450854278969,1.417154678183e-135
"82","CD117",-1.41911137881136,3.16436614244153e-38
"13","CD117",-1.76972070531374,4.72151858528283e-114
"21","CD117",-2.01244447728105,3.19013207948407e-86
"4","CD117",-1.60332787219126,1.27071834855345e-110
"12","CD117",-1.92213685646577,6.97380046921781e-113
"22","CD117",-3.29282464194965,6.78889811693847e-214
"23","CD117",-2.86452424130159,2.22168396002426e-270
"1","CD117",-4.99860934214621,4.62445444507407e-321
"33","CD117",-3.20291392109272,1.30246151443644e-139
"2","CD117",NA,0
"43","CD117",-3.90678311694923,4.49982262540521e-132
"34","CD117",-4.36458649917847,7.80187793458569e-206
"41","CD117",-3.25896418653237,5.1940574472645e-134
"11","CD117",NA,0
"51","CD117",-2.78438505808078,7.58669603064698e-187
"91","CD117",-4.13160171716305,0
"81","CD117",NA,0
"98","CD49d",0.00971335817472552,0.81324973924557
"88","CD49d",-0.069455887670764,0.147337206051441
"89","CD49d",-0.388159253276752,1.9943681750157e-34
"99","CD49d",-0.418433060851381,2.47210906519133e-66
"90","CD49d",-0.262713075845122,2.44509172853492e-23
"80","CD49d",-0.908756534696474,6.04482132384584e-08
"100","CD49d",-0.0274889801363232,0.240078924673638
"96","CD49d",0.248492521204759,1.83442398557595e-16
"95","CD49d",0.495562647979451,6.86143570586807e-62
"87","CD49d",0.489622383452931,2.844633435265e-70
"97","CD49d",0.648184402431778,1.43864615367451e-30
"86","CD49d",0.0517282723954917,0.186235714124781
"44","CD49d",0.492414217285067,6.67375235742456e-10
"45","CD49d",-0.628490877638665,7.15446971057606e-32
"30","CD49d",0.224376678080083,1.16220422200702e-20
"20","CD49d",0.802372071242767,3.03175292079392e-155
"27","CD49d",-0.543233876900802,7.98655196788713e-27
"39","CD49d",-0.124742991080967,4.84153608195446e-07
"9","CD49d",-0.669659299883145,1.76613434101551e-120
"29","CD49d",-0.526839521759438,7.12555146057146e-114
"7","CD49d",-0.152608096398634,1.8532902172127e-11
"5","CD49d",0.638491103608586,2.21967327978758e-110
"28","CD49d",-0.827220519780655,3.68061302478346e-236
"19","CD49d",-1.55542419804257,3.94485613515336e-217
"26","CD49d",-0.269690978067013,1.24679953961306e-18
"17","CD49d",-1.02209141421029,1.57378665265392e-231
"37","CD49d",-1.27649676033789,1.5513974331517e-195
"16","CD49d",-0.287945174119413,3.05471901051547e-23
"18","CD49d",-2.33302841317924,0
"6","CD49d",-1.23275105699898,8.50128428279206e-160
"49","CD49d",0.0427943198813669,0.0791633346529885
"8","CD49d",-1.76718282723047,0
"15","CD49d",0.00290946476819398,0.991318511846651
"36","CD49d",-0.835497772651307,1.09752531244901e-101
"35","CD49d",0.00746674773026612,0.984812971972501
"66","CD49d",-0.360297976489214,0.00935480426608651
"38","CD49d",-0.54614989653483,1.79073089069369e-61
"77","CD49d",-0.287621322899061,2.8893761072575e-27
"10","CD49d",-1.41429392887324,0
"48","CD49d",-0.368324046856795,3.22736863448052e-28
"78","CD49d",0.253577815871865,1.6723388592238e-25
"40","CD49d",0.479432000761739,2.2708122217533e-51
"46","CD49d",-0.701084919548658,3.49657012261571e-62
"50","CD49d",0.718169298079494,2.34089190912931e-128
"68","CD49d",0.258209343793447,5.22828584065638e-16
"57","CD49d",-0.519729392769438,9.63592672621532e-63
"58","CD49d",-0.812479659449834,4.04533079849943e-122
"60","CD49d",-1.28517229274031,5.33927860774706e-248
"47","CD49d",-0.898616955389117,7.37219034579583e-94
"69","CD49d",-1.27795017626016,2.84874233141908e-234
"56","CD49d",-0.554148070845172,6.97687294250566e-64
"59","CD49d",-1.75223200245757,0
"67","CD49d",-2.11824126811168,3.69728758531899e-228
"79","CD49d",-0.762860002594306,7.26054397671013e-98
"70","CD49d",-0.856338218728138,2.80185582186236e-203
"73","CD49d",1.14902744555203,0
"93","CD49d",-0.0637341528110644,0.00714762802378527
"74","CD49d",0.382461526112833,6.58579455637197e-51
"63","CD49d",0.396359786456562,1.22814199700459e-36
"62","CD49d",0.499691477091396,1.6188171528083e-93
"84","CD49d",1.07051975899731,1.42304234028599e-215
"52","CD49d",-0.0920243408715282,0.000491495434350973
"76","CD49d",0.568655339342285,1.26705681232447e-71
"65","CD49d",0.575780421218006,1.62691094075942e-69
"83","CD49d",0.987049367093688,1.19553616186161e-255
"75","CD49d",-1.18750335581642,1.3198223296283e-112
"64","CD49d",0.865459155412098,1.20886954301633e-164
"25","CD49d",-0.129887439845668,0.0170878219370487
"53","CD49d",-0.0804882834311429,0.0334497129386143
"54","CD49d",0.106817334171875,0.00831474487138451
"55","CD49d",-0.211961624921619,2.93890478502102e-07
"94","CD49d",-0.965197371469831,6.81997401496121e-230
"85","CD49d",-0.041792185880865,0.250750532554077
"71","CD49d",0.123241232982152,0.00330775982586957
"72","CD49d",0.385646710645849,4.08839147794777e-28
"42","CD49d",0.444438001747116,9.4704065475857e-33
"61","CD49d",0.454425982473255,1.34436993257841e-69
"3","CD49d",1.11660592259536,0
"31","CD49d",0.876286532999646,7.72866196279548e-194
"92","CD49d",1.00082567688476,1.12614256224926e-64
"32","CD49d",0.180189777129588,1.35871079017829e-12
"14","CD49d",0.470357278080022,5.09988563711137e-68
"24","CD49d",-0.468915115179941,2.44300476254447e-39
"82","CD49d",0.929639492545467,2.76194146569492e-196
"13","CD49d",0.637258537166656,6.78469550347429e-171
"21","CD49d",1.2233192396071,1.30284278367401e-219
"4","CD49d",0.659054671698324,1.77226400962892e-182
"12","CD49d",0.798435466615779,1.88199638282951e-204
"22","CD49d",0.319640729095195,1.36849453369153e-33
"23","CD49d",0.0883418920280103,4.61082152367603e-05
"1","CD49d",-0.522723518867833,5.26026010802089e-71
"33","CD49d",0.493278462030231,5.3829141510708e-42
"2","CD49d",-0.96072697386513,4.94081104538735e-192
"43","CD49d",0.234407900936995,1.42236993825591e-08
"34","CD49d",-0.601137628472313,1.00734078704442e-60
"41","CD49d",-0.106435285186065,0.00272342903498522
"11","CD49d",-1.75744648935216,0
"51","CD49d",0.658990223032526,6.55013874592627e-90
"91","CD49d",0.118330000028467,2.27618996700599e-08
"81","CD49d",-0.614438337124513,1.73813443972933e-119
"98","HLA-DR",-2.16824274764821,1.10368336493184e-318
"88","HLA-DR",-1.42329353652856,9.93845679726117e-141
"89","HLA-DR",-3.81707752380677,0
"99","HLA-DR",-3.70165517832232,0
"90","HLA-DR",-3.59919903193564,0
"80","HLA-DR",-4.27592090143525,3.65999221596691e-65
"100","HLA-DR",-3.4589360798315,0
"96","HLA-DR",1.52574825178081,0
"95","HLA-DR",0.575293767099113,5.73674100500811e-126
"87","HLA-DR",0.830897555634393,5.746836993263e-184
"97","HLA-DR",1.61339409929724,3.99678008731435e-200
"86","HLA-DR",0.412353257797432,6.8189780793798e-29
"44","HLA-DR",0.908938733026003,2.13140253880248e-58
"45","HLA-DR",-4.00556477895972,0
"30","HLA-DR",-2.98246409197666,0
"20","HLA-DR",-2.80417735971203,0
"27","HLA-DR",-3.78329923122033,0
"39","HLA-DR",-3.39853085156117,0
"9","HLA-DR",-4.74067087901577,0
"29","HLA-DR",-3.5643228506835,0
"7","HLA-DR",-3.31000688024068,0
"5","HLA-DR",-3.25075211322314,0
"28","HLA-DR",-4.03174071061846,0
"19","HLA-DR",-4.84173253892057,0
"26","HLA-DR",-3.87961853836841,0
"17","HLA-DR",-4.11814402662035,0
"37","HLA-DR",-4.09901675857543,0
"16","HLA-DR",-3.77342677110046,0
"18","HLA-DR",-5.82338271885523,0
"6","HLA-DR",-4.4503649303568,0
"49","HLA-DR",-3.1888374009738,0
"8","HLA-DR",-6.01071034150827,0
"15","HLA-DR",-3.27650742262153,5.82117183863363e-15
"36","HLA-DR",-4.25438629688533,0
"35","HLA-DR",-1.21299800537504,0.135609985023693
"66","HLA-DR",-3.00175957109705,1.17459541633179e-33
"38","HLA-DR",-3.5533696389131,0
"77","HLA-DR",-3.46107643133518,0
"10","HLA-DR",-4.87378733705429,0
"48","HLA-DR",-3.72987022246988,0
"78","HLA-DR",-3.14049129118857,0
"40","HLA-DR",-2.74658565485893,0
"46","HLA-DR",-4.19081569274588,0
"50","HLA-DR",-2.67617652834934,0
"68","HLA-DR",-3.14504212824724,0
"57","HLA-DR",-3.75155111549651,0
"58","HLA-DR",-3.70152366685314,0
"60","HLA-DR",-5.19689865247536,0
"47","HLA-DR",-4.05673677359762,0
"69","HLA-DR",-4.38052463727534,0
"56","HLA-DR",-3.88692191973639,0
"59","HLA-DR",-5.45244218825415,0
"67","HLA-DR",-5.20926100616466,0
"79","HLA-DR",-4.17311640461296,0
"70","HLA-DR",-4.35177282022167,0
"73","HLA-DR",1.10655989052796,0
"93","HLA-DR",1.52373557163313,0
"74","HLA-DR",1.50889837442854,0
"63","HLA-DR",1.42523418873533,0
"62","HLA-DR",1.32499104605662,0
"84","HLA-DR",1.01246960699,5.03811523506971e-315
"52","HLA-DR",1.38305853894413,0
"76","HLA-DR",0.729708891226976,1.18816165627691e-172
"65","HLA-DR",0.941920142229232,2.09663706822525e-292
"83","HLA-DR",1.32580188562266,0
"75","HLA-DR",1.06602777168927,4.78305570142043e-164
"64","HLA-DR",0.742210302618526,4.70651573863138e-242
"25","HLA-DR",-0.616046075745392,5.83877435212415e-41
"53","HLA-DR",1.26323330248727,0
"54","HLA-DR",1.13470530768899,1.30014539100443e-277
"55","HLA-DR",0.0228462822425337,0.477077655274668
"94","HLA-DR",1.59276177457685,0
"85","HLA-DR",1.0982040525399,6.86401818043353e-298
"71","HLA-DR",0.817890046669671,1.30745609839155e-76
"72","HLA-DR",0.837247154998748,6.37744293142466e-106
"42","HLA-DR",1.4724810448251,0
"61","HLA-DR",1.16817669001611,0
"3","HLA-DR",0.978907558973425,0
"31","HLA-DR",1.50296358929749,0
"92","HLA-DR",-1.81825982945432,5.89412802582879e-173
"32","HLA-DR",0.655905599020943,3.100488973447e-255
"14","HLA-DR",0.564151982710919,1.84731447284513e-144
"24","HLA-DR",-0.437570697511862,1.02781794796875e-46
"82","HLA-DR",1.1056978788535,9.88131291682493e-324
"13","HLA-DR",0.620770503191455,2.95658217589986e-273
"21","HLA-DR",1.599883538117,0
"4","HLA-DR",0.316306879556977,4.784070868711e-79
"12","HLA-DR",1.0932944423849,0
"22","HLA-DR",0.836094501897296,0
"23","HLA-DR",-0.293691881735491,2.94686344278656e-68
"1","HLA-DR",0.696646121547258,1.475303342069e-163
"33","HLA-DR",1.20904880886884,0
"2","HLA-DR",0.453262264424705,8.43368337675689e-76
"43","HLA-DR",0.928729889787047,3.54618614413512e-173
"34","HLA-DR",-0.364996337741084,1.7073591500412e-39
"41","HLA-DR",1.46113153313409,0
"11","HLA-DR",-0.117415685054044,1.67768596743574e-05
"51","HLA-DR",1.28855263893789,0
"91","HLA-DR",1.51271120676296,0
"81","HLA-DR",1.5634567169171,0
"98","CD64",-1.95264693800578,3.10627631555755e-294
"88","CD64",-2.12788994157314,1.74557979851871e-256
"89","CD64",-2.40238857481802,0
"99","CD64",-2.38995843299428,0
"90","CD64",-2.82953229876889,0
"80","CD64",-3.87773008920739,1.13693724253092e-45
"100","CD64",-2.07574720793294,0
"96","CD64",-2.28701982910599,0
"95","CD64",-1.87096498650132,0
"87","CD64",-1.94532058452804,0
"97","CD64",-1.93981085230929,1.37922398159865e-150
"86","CD64",-2.0716989967366,1.28335569484145e-279
"44","CD64",-1.5157395761221,2.85566660697272e-39
"45","CD64",-2.94384576020849,9.52999037209398e-269
"30","CD64",-1.52311113498736,0
"20","CD64",-1.44897284449987,0
"27","CD64",-2.633750991855,6.86982351865831e-316
"39","CD64",-2.1091870093004,0
"9","CD64",-4.5959403963647,0
"29","CD64",-2.16298462468945,0
"7","CD64",-1.96928313488799,0
"5","CD64",-1.9760359574456,0
"28","CD64",-2.67893354863558,0
"19","CD64",-4.20252771986495,0
"26","CD64",-2.53381512637483,0
"17","CD64",-2.70844333750964,0
"37","CD64",-2.75907814286197,0
"16","CD64",-2.6693035972362,0
"18","CD64",-6.11596751346045,0
"6","CD64",-3.3425273460877,0
"49","CD64",-1.90454797024425,0
"8","CD64",-6.44012646343406,0
"15","CD64",-1.54882210911596,1.90723403778226e-05
"36","CD64",-2.95379775273238,0
"35","CD64",0.0198569430210855,0.977247485776434
"66","CD64",-2.08396371379082,1.83783399337074e-21
"38","CD64",-2.65267662745332,0
"77","CD64",-2.61264320233636,0
"10","CD64",-4.28234762342657,0
"48","CD64",-2.53204770824135,0
"78","CD64",-2.35054465416039,0
"40","CD64",-1.50099004487113,7.46929745588723e-289
"46","CD64",-2.85454652399063,0
"50","CD64",-1.58765251577109,0
"68","CD64",-2.0747319796724,0
"57","CD64",-2.6517558248141,0
"58","CD64",-2.41651890463168,0
"60","CD64",-5.87516355715404,0
"47","CD64",-2.83516172456034,0
"69","CD64",NA,0
"56","CD64",-2.88704590428015,0
"59","CD64",-10.4222351093906,0
"67","CD64",-6.20714205955257,0
"79","CD64",-4.66600335326293,0
"70","CD64",-4.23968892130076,0
"73","CD64",-0.720740269401763,2.8319075306627e-70
"93","CD64",-2.10765318742172,0
"74","CD64",-0.941326798246553,1.27760149464538e-119
"63","CD64",-1.41872008117328,9.41261797628398e-198
"62","CD64",-0.939499340461156,4.41921688256659e-122
"84","CD64",-0.321824656991074,2.01316828327872e-13
"52","CD64",-1.73051956463966,0
"76","CD64",-1.27279656588095,9.84465778136407e-133
"65","CD64",-1.2482506768856,1.30912484765493e-139
"83","CD64",-0.284791606300371,3.566385237012e-15
"75","CD64",-3.26380908268524,6.88341966458318e-267
"64","CD64",-1.61688701136887,1.52626525451423e-261
"25","CD64",1.81268643921896,1.32138175753932e-108
"53","CD64",-1.76242702613211,4.30264799406698e-192
"54","CD64",-2.00819885399256,2.40970902288372e-216
"55","CD64",-1.99342579922387,3.03699979365426e-178
"94","CD64",-3.31086356658688,0
"85","CD64",-2.97612726418037,0
"71","CD64",-2.37429241658786,3.39489396255443e-267
"72","CD64",-2.09383542508676,0
"42","CD64",2.32004962387801,9.98817582483135e-287
"61","CD64",-2.11221271891548,0
"3","CD64",2.34617045418169,0
"31","CD64",2.33781312929255,0
"92","CD64",-1.97157644208986,1.18297016378784e-148
"32","CD64",2.46521854233943,0
"14","CD64",1.91212394318794,0
"24","CD64",1.72937021402616,1.40383395847431e-263
"82","CD64",-1.48240785453594,6.01412276844466e-318
"13","CD64",2.51828143517263,0
"21","CD64",1.60546505927242,3.48988448873336e-269
"4","CD64",2.21447755059202,0
"12","CD64",2.45767027557118,0
"22","CD64",1.88884000024064,0
"23","CD64",2.26458562409398,0
"1","CD64",1.8211592020814,0
"33","CD64",1.9607781283347,0
"2","CD64",2.08440695427358,0
"43","CD64",1.92856552695912,1.56244185797041e-225
"34","CD64",2.03282516571601,0
"41","CD64",1.94400255687496,2.71725041774516e-274
"11","CD64",1.68829631390006,0
"51","CD64",-2.19438143970438,0
"91","CD64",-2.50734876617741,0
"81","CD64",-3.56475988086017,0
"98","CD41",0.699985767477671,3.54580403699711e-10
"88","CD41",0.281292661044369,0.0197365505671358
"89","CD41",-1.02464502549956,1.93700659467398e-32
"99","CD41",-0.975123638049529,7.83130614128184e-47
"90","CD41",-1.55571696151345,2.14893369661096e-83
"80","CD41",-2.07151725422969,2.88728170186727e-08
"100","CD41",-0.552660383965274,4.30956255437991e-16
"96","CD41",0.199242605249145,0.0011449609607915
"95","CD41",0.127217646156302,0.0792252151747262
"87","CD41",-0.133887209016131,0.0347024972303026
"97","CD41",0.318682211330936,0.00356038520507542
"86","CD41",-0.460938383785637,1.13332212813655e-06
"44","CD41",-0.0615075360437629,0.746584972666957
"45","CD41",-1.31956295807669,1.63048923354995e-20
"30","CD41",0.281187076812903,0.000127642465371903
"20","CD41",0.208171554280717,0.00580883317140402
"27","CD41",-1.1951394322737,8.78131473391548e-24
"39","CD41",-0.412356643020662,8.00283890680995e-10
"9","CD41",NA,0
"29","CD41",-0.768760532278711,3.75565075610971e-33
"7","CD41",-0.38945215152554,3.26666742501324e-10
"5","CD41",-0.749390304203702,3.68750253459714e-25
"28","CD41",-1.22968747573753,9.29165256772278e-90
"19","CD41",-5.32325198541904,3.12884539593078e-219
"26","CD41",-1.08484312791707,3.58316937745869e-53
"17","CD41",-1.74414053529351,6.92149283136111e-115
"37","CD41",-1.25273201033419,1.06093772985271e-35
"16","CD41",-1.41118745165367,8.36940865674133e-77
"18","CD41",NA,0
"6","CD41",-2.49375180821023,1.15110647570324e-102
"49","CD41",-0.259259415742166,0.000135820455217243
"8","CD41",NA,0
"15","CD41",0.132864422151334,0.814446639336023
"36","CD41",-1.21876092331926,3.4114366033183e-42
"35","CD41",-8.74803715642902,0.00432595015486259
"66","CD41",0.0245883919877397,0.949148545623975
"38","CD41",-0.959951643381585,1.42813540146374e-27
"77","CD41",-1.03863317480022,2.64192348374602e-40
"10","CD41",NA,0
"48","CD41",-1.12119108130793,1.30862178970678e-40
"78","CD41",-0.527636675136393,5.51654326863002e-13
"40","CD41",0.191987353895243,0.0280823144585931
"46","CD41",-1.51467089432459,4.81122934510365e-52
"50","CD41",0.251375912625211,0.00347242872158446
"68","CD41",-0.192494837069327,0.029998741852993
"57","CD41",-0.856458083512345,2.58266258251214e-25
"58","CD41",-1.21686137584819,2.82326805200595e-43
"60","CD41",NA,0
"47","CD41",-1.12729164163566,2.48692838559617e-24
"69","CD41",NA,0
"56","CD41",-1.19592776138202,3.34894350424399e-41
"59","CD41",NA,0
"67","CD41",NA,7.95300575136005e-210
"79","CD41",NA,0
"70","CD41",NA,0
"73","CD41",0.775182347454869,3.02242360273154e-27
"93","CD41",0.435315660386431,4.70095418620714e-19
"74","CD41",0.864787704112841,1.7555531920741e-46
"63","CD41",0.212979616363699,0.00443694461848678
"62","CD41",0.737261014847999,4.30375035994649e-33
"84","CD41",1.10799900131404,5.38316935021895e-45
"52","CD41",0.268656741149993,2.97833693293315e-05
"76","CD41",0.412642043488597,6.18888715685178e-07
"65","CD41",0.149346515482549,0.0612181678967264
"83","CD41",1.4614272515988,4.20407048380593e-93
"75","CD41",-1.20246620999014,1.40941844461217e-36
"64","CD41",-0.11514276787026,0.103004055553751
"25","CD41",0.740297850134803,4.71566848145402e-08
"53","CD41",-0.162732837493809,0.0750745560247861
"54","CD41",-0.444684443773189,1.9035532297575e-07
"55","CD41",-0.609855839613973,4.19829842101723e-10
"94","CD41",-0.657395902249434,3.69852549611282e-37
"85","CD41",-1.07429692710586,1.84221450995116e-55
"71","CD41",-0.644388709329713,1.54480722436401e-10
"72","CD41",-0.0699024054724164,0.446279461814907
"42","CD41",0.570488263378446,4.5759594414966e-11
"61","CD41",0.0203579631360578,0.73491485991683
"3","CD41",2.04003275272168,4.44199454424994e-212
"31","CD41",1.21036386689916,2.17416416256337e-67
"92","CD41",-0.880017936762008,2.16865952843135e-15
"32","CD41",1.09795479426667,8.82782613737019e-57
"14","CD41",1.24985270256289,1.30408200515059e-74
"24","CD41",0.325342572748517,0.000131789477420927
"82","CD41",0.802600897122207,1.18544320727626e-28
"13","CD41",1.3861081542709,5.29870490393584e-109
"21","CD41",1.22040229712449,8.83792378400464e-56
"4","CD41",2.032063461442,4.97463507329005e-233
"12","CD41",1.56440128842729,1.08915734304075e-124
"22","CD41",1.01519502109349,7.31556979408505e-53
"23","CD41",1.50640316920139,8.06797616953993e-133
"1","CD41",0.872126732407983,3.21478865404067e-49
"33","CD41",0.950909541011241,4.4452251793291e-30
"2","CD41",0.294173760483317,3.67998701963825e-06
"43","CD41",0.643445972448957,1.83334163553545e-11
"34","CD41",0.804615910793831,1.14918211468949e-19
"41","CD41",0.501605950801643,3.50358120549661e-12
"11","CD41",-0.307886203431496,1.0678633447009e-06
"51","CD41",0.226150145551895,0.000381236710212223
"91","CD41",0.274156138518617,3.05022083977606e-09
"81","CD41",-0.755588562607064,1.39735977549068e-46
"98","Viability",-0.181383879410928,0.00210501307717735
"88","Viability",-0.00104220247978049,0.985847171036066
"89","Viability",0.156572537212884,0.00132104932867277
"99","Viability",0.192857841405402,1.05223500267968e-07
"90","Viability",-0.522529882205928,2.22417336711352e-31
"80","Viability",-1.16694423707338,1.88235438582868e-06
"100","Viability",0.680667850065306,1.00778488095191e-73
"96","Viability",-1.15845541088674,5.01250161603537e-98
"95","Viability",-0.010982576351152,0.799698445531738
"87","Viability",-0.162506155137279,4.83926524676717e-06
"97","Viability",-0.0995855068945519,0.227355215952254
"86","Viability",-0.274905126792424,1.24702647290898e-06
"44","Viability",-0.406907308490241,9.1870027662113e-05
"45","Viability",0.0175661026805116,0.807968072573874
"30","Viability",0.745350398921875,7.85453156816712e-121
"20","Viability",1.03904815770199,4.95205876954401e-186
"27","Viability",-0.309477067664524,2.56884047718114e-07
"39","Viability",0.416115987604992,2.47575726211287e-38
"9","Viability",-2.64445883669183,0
"29","Viability",0.228912620041827,4.34170442050694e-15
"7","Viability",0.610821751755891,4.04034232395385e-98
"5","Viability",0.595271188302561,8.14022468428434e-61
"28","Viability",-0.286732683542999,9.19114734290288e-22
"19","Viability",-2.38719891650742,1.63559715138334e-244
"26","Viability",0.115965500161135,0.00144940871506829
"17","Viability",-0.434742800246414,5.47901354445989e-30
"37","Viability",-0.478150736436653,6.77968957518807e-26
"16","Viability",0.114475703024701,0.00141457169000436
"18","Viability",-3.86127270175761,0
"6","Viability",-1.31815843351922,5.38662745213429e-104
"49","Viability",0.517423057819044,1.34846938986997e-55
"8","Viability",-3.60621564443028,0
"15","Viability",0.678465896428855,0.0382545776240522
"36","Viability",-0.22234702483127,5.74665700803234e-07
"35","Viability",0.386829351579825,0.708026187780844
"66","Viability",0.226941850642022,0.279782111073305
"38","Viability",0.0527872936275866,0.221984352514704
"77","Viability",0.319813187433935,5.94076826669884e-16
"10","Viability",-2.83280733832212,0
"48","Viability",-0.0739233389748857,0.090970691252367
"78","Viability",0.471221587643918,9.5769771999628e-40
"40","Viability",0.715356447072299,2.86505186499506e-70
"46","Viability",-0.0670834397314066,0.202898655236221
"50","Viability",1.01327791090811,2.11299448935023e-136
"68","Viability",0.860157286414892,2.99815680931781e-88
"57","Viability",-0.0277949349390014,0.485117312636438
"58","Viability",-0.222319063180145,2.2500478685806e-07
"60","Viability",-3.41861301048764,0
"47","Viability",-0.299643992904437,3.46286580451902e-08
"69","Viability",-3.28074053652373,0
"56","Viability",-0.186520322112694,4.53871879305212e-05
"59","Viability",-3.75409186695624,0
"67","Viability",-3.78718721473224,2.16986135655442e-241
"79","Viability",-2.50617587768753,0
"70","Viability",-2.43554278170692,0
"73","Viability",0.883966619381396,5.9086089744283e-114
"93","Viability",-2.36844242787181,0
"74","Viability",0.594608923518197,5.06802155422387e-62
"63","Viability",0.686261929769274,5.96343035997434e-52
"62","Viability",0.453128732464081,1.73870128863613e-36
"84","Viability",0.996141173638644,1.10315988901889e-126
"52","Viability",-0.286249752489964,9.38393446095583e-15
"76","Viability",0.334206487569766,3.9718221790442e-14
"65","Viability",0.552876904749601,5.75343904515712e-35
"83","Viability",1.03678000887907,3.41068387176607e-159
"75","Viability",-2.68539060743782,1.903173033138e-195
"64","Viability",0.414880437438709,2.06748286879647e-27
"25","Viability",0.0991007672161999,0.176061817297624
"53","Viability",-0.0293908217919374,0.565030416895539
"54","Viability",0.0181454228036011,0.735829318555959
"55","Viability",-0.0845084886222316,0.162471921672225
"94","Viability",-3.60533829405775,0
"85","Viability",-2.81315593215145,9.12398642236551e-293
"71","Viability",-0.586892896200234,1.44235356481974e-23
"72","Viability",0.352307861970998,1.37285534486215e-13
"42","Viability",0.65587033492335,3.26494045208343e-31
"61","Viability",-0.357261402340331,1.56595036601389e-24
"3","Viability",1.18964116197201,3.06857014327208e-253
"31","Viability",0.901783181685036,1.49163651991685e-101
"92","Viability",0.165028379293385,0.0127471494953967
"32","Viability",0.409161039214658,5.84137216006384e-26
"14","Viability",0.558208269421164,2.02781139736951e-47
"24","Viability",-0.127304700956563,0.0165185112517013
"82","Viability",0.455968986968512,2.71816397674591e-32
"13","Viability",0.714473700687006,2.62484126164954e-105
"21","Viability",0.797964521511859,2.90944260365318e-65
"4","Viability",1.13340510779287,1.08696266225239e-257
"12","Viability",1.09545638583911,6.62574458790939e-180
"22","Viability",0.632319964679365,2.62133578172202e-61
"23","Viability",0.855540673916797,3.41189548089732e-136
"1","Viability",-1.23567273601149,1.30419459510074e-134
"33","Viability",0.635526166098616,1.81827095161893e-38
"2","Viability",-1.9352660377072,4.00553563750169e-238
"43","Viability",0.334209988246315,1.29041499458362e-08
"34","Viability",0.387917331917947,1.14413543045064e-14
"41","Viability",-1.20159922563289,1.79457440585284e-66
"11","Viability",-2.30366358984437,0
"51","Viability",-0.473752096653353,5.09824114680978e-21
"91","Viability",-3.04913189255287,0
"81","Viability",-4.51485324889387,0
"98","file_number",0.000841326728086678,0.00189670359991993
"88","file_number",-0.00376827305209204,7.55773768327904e-114
"89","file_number",0.000731673312560854,0.00039475051365987
"99","file_number",-0.0036704093453096,1.91703594922097e-298
"90","file_number",0.00548505332428273,4.82195757013663e-188
"80","file_number",0.00533515017539476,5.00348370891707e-08
"100","file_number",-0.00386985349209812,0
"96","file_number",0.00700318437122238,9.74397856084631e-214
"95","file_number",0.00107580235034654,2.7508644710329e-07
"87","file_number",-0.0037288602898945,3.376999619667e-245
"97","file_number",0.000816955624557858,0.0259063844393399
"86","file_number",-0.00223328648994514,3.17834970887322e-24
"44","file_number",-0.00432154190941714,4.0046830149768e-124
"45","file_number",-0.00434149419625274,0
"30","file_number",-0.00437240865610877,0
"20","file_number",-0.00427377191370926,0
"27","file_number",-0.00209738652350855,5.99717075624697e-19
"39","file_number",-0.00411635163908119,0
"9","file_number",0.00996785579676929,0
"29","file_number",-0.00419929363116089,0
"7","file_number",-0.00441886590956508,0
"5","file_number",-0.0035888699690475,4.48818648944959e-219
"28","file_number",-0.00419893897429313,0
"19","file_number",0.00887654165850216,1.05157228500238e-317
"26","file_number",-0.00385514037604673,0
"17","file_number",-0.00235488823142793,7.04016163417844e-59
"37","file_number",-0.0044150788879227,0
"16","file_number",-0.0039996006094648,0
"18","file_number",0.00972394892984541,0
"6","file_number",0.003159441153609,4.97688386094699e-34
"49","file_number",-0.00432758296333935,0
"8","file_number",0.00994321332155423,0
"15","file_number",-0.00343267107469181,0.00300710886682136
"36","file_number",-0.00432614320865554,0
"35","file_number",-0.000795837442278291,0.838829715419107
"66","file_number",-0.00351218389047581,5.97512444775627e-09
"38","file_number",-0.0037004872723867,2.53381738009225e-181
"77","file_number",-0.00397320297897841,0
"10","file_number",0.010064551698995,0
"48","file_number",-0.00379675394479706,4.65218257410578e-202
"78","file_number",-0.0042434462637756,0
"40","file_number",-0.00419770331688096,0
"46","file_number",-0.00438876788569653,0
"50","file_number",-0.00434413912768949,0
"68","file_number",-0.00425884582638403,0
"57","file_number",-0.00340290497139173,9.23028068712836e-164
"58","file_number",-0.00280819437185698,1.53670307867807e-67
"60","file_number",0.00991132066184697,0
"47","file_number",-0.00434024836781366,0
"69","file_number",0.0095805114808527,0
"56","file_number",-0.00419224362438242,0
"59","file_number",0.00985523469280847,0
"67","file_number",0.00939289490774409,1.56655021858915e-278
"79","file_number",0.00970631793014531,0
"70","file_number",0.010046761420045,0
"73","file_number",-0.00434194050082426,0
"93","file_number",0.00985399238676665,0
"74","file_number",-0.00443188717917842,0
"63","file_number",-0.00426490450411565,0
"62","file_number",-0.00430558496804312,0
"84","file_number",-0.00425228500682961,0
"52","file_number",-0.00419857192797635,0
"76","file_number",-0.00404925327765937,4.09677377800141e-256
"65","file_number",-0.00399017815726666,3.40486857834166e-263
"83","file_number",-0.00437319177627349,0
"75","file_number",0.00792093791621817,3.24850476884431e-150
"64","file_number",-0.00442521963681608,0
"25","file_number",-0.00418721660915611,6.58133441568087e-115
"53","file_number",-0.00408432706996853,7.53018297271621e-247
"54","file_number",-0.00442240031371099,0
"55","file_number",-0.00421057966771266,2.09026805416282e-254
"94","file_number",0.00995675410541297,0
"85","file_number",0.00979047403217304,0
"71","file_number",-0.00436313504164643,0
"72","file_number",-0.00371282428743014,3.2804090609767e-147
"42","file_number",-0.00406401291313274,1.7472845343094e-201
"61","file_number",-0.00337001035352547,2.20469649149943e-169
"3","file_number",-0.0042035953437306,0
"31","file_number",-0.00410339321438014,0
"92","file_number",-0.0011497509477032,3.90153873149195e-05
"32","file_number",-0.00422672143441505,0
"14","file_number",-0.00388861495267179,1.45794252035119e-263
"24","file_number",-0.00160233506067786,4.32727585882919e-14
"82","file_number",-0.00342242221326727,7.97751736109837e-129
"13","file_number",-0.00433664267367451,0
"21","file_number",-0.00309301647456039,2.01959394662405e-78
"4","file_number",-0.0043462136685597,0
"12","file_number",-0.00438707601027555,0
"22","file_number",-0.00377638611446818,4.85944045224292e-249
"23","file_number",-0.00441298423936409,0
"1","file_number",0.00997679645563276,0
"33","file_number",-0.00425872778562786,0
"2","file_number",0.00999459087808252,0
"43","file_number",-0.00436423324231039,0
"34","file_number",-0.0044278068048117,0
"41","file_number",0.00938686808367928,0
"11","file_number",0.00999812513124476,0
"51","file_number",0.00317175848593698,2.87899412314821e-44
"91","file_number",0.00994903515468792,0
"81","file_number",0.00994787441162548,0
"98","label",-2.61055633890755,0
"88","label",-2.62643206817916,0
"89","label",-1.61624699986081,0
"99","label",-1.60739867720363,0
"90","label",-1.49671770860702,0
"80","label",-1.65680919622969,0
"100","label",-1.12360607755505,0
"96","label",-0.743893229335659,0
"95","label",-0.61353576400352,0
"87","label",-0.750911287252726,0
"97","label",-0.544094136239017,7.39441569627046e-304
"86","label",-0.283254754020886,0
"44","label",0.262385902459623,4.48858839724166e-86
"45","label",-0.0889410071877639,1.4147734221276e-136
"30","label",-0.112195373888114,0
"20","label",-0.111503789870946,0
"27","label",-0.106807795339681,0
"39","label",-0.110286369128142,0
"9","label",-0.112944356656985,0
"29","label",-0.112541389919643,0
"7","label",-0.112896286007247,0
"5","label",-0.110729563195457,0
"28","label",-0.112485971621363,0
"19","label",-0.111355588827612,0
"26","label",-0.111519493271391,0
"17","label",-0.111920795879661,0
"37","label",-0.111605211725742,0
"16","label",-0.111631273956741,0
"18","label",-0.11281657903889,0
"6","label",-0.111306299483234,0
"49","label",0.0228818708737529,3.17290061801168e-97
"8","label",-0.112534664761791,0
"15","label",-0.102097386785687,1.53113018402982e-08
"36","label",-0.109965269434901,0
"35","label",0.0703647726549593,0.536295162952693
"66","label",0.0118889088971488,0.110313675162104
"38","label",0.0197910981729256,6.72013877197988e-55
"77","label",0.0225968931474343,6.44522129801796e-93
"10","label",-0.112434294723507,0
"48","label",0.0229163970527508,6.39376665575925e-99
"78","label",0.0230505009369675,4.2977983297271e-100
"40","label",0.0228704453773686,2.82428896384422e-98
"46","label",0.0228537213073123,5.33928170576325e-98
"50","label",0.0228844511695969,1.72668974397231e-98
"68","label",0.0230513124429735,1.03865170895891e-101
"57","label",0.0231220348192591,1.037015899557e-101
"58","label",0.0230549876115728,1.03856663751307e-101
"60","label",0.0230996424615371,1.03753355073562e-101
"47","label",0.0230013547608963,1.03980881585957e-101
"69","label",0.0228001446455072,1.39021044365295e-96
"56","label",0.0230605025623488,1.03843899277814e-101
"59","label",0.0231653263444907,1.03601586215678e-101
"67","label",0.0229557121104225,1.04086712783015e-101
"79","label",0.0227926286303395,1.84236780912444e-96
"70","label",0.0231794832664466,1.035689049569e-101
"73","label",0.137007885227268,0
"93","label",0.138769619390116,0
"74","label",0.137805613686708,0
"63","label",0.136851594301392,0
"62","label",0.140553858339357,0
"84","label",0.136677254684355,0
"52","label",0.138069528332061,0
"76","label",0.136773395214722,0
"65","label",0.13681044975159,0
"83","label",0.14359086529295,0
"75","label",0.13628203696369,0
"64","label",0.137030648218907,0
"25","label",0.231751485221572,0
"53","label",0.136535842432202,0
"54","label",0.139053713531928,0
"55","label",0.136304559205301,0
"94","label",0.138280214869311,0
"85","label",0.136593786021418,0
"71","label",0.450212614896864,0
"72","label",0.450493098640169,0
"42","label",0.232840726656496,0
"61","label",0.457612211516748,0
"3","label",0.234600589582613,0
"31","label",0.2339988260475,0
"92","label",0.420452443057234,0
"32","label",0.234641470178032,0
"14","label",0.234144787432244,0
"24","label",0.233293113180317,0
"82","label",0.461373230358351,0
"13","label",0.234971007113932,0
"21","label",0.233791679597586,0
"4","label",0.235238794330634,0
"12","label",0.234884186515079,0
"22","label",0.234785593641475,0
"23","label",0.235691205342996,0
"1","label",0.235003113890701,0
"33","label",0.233912008648782,0
"2","label",0.234515520744762,0
"43","label",0.233174443039464,0
"34","label",0.233844308287584,0
"41","label",0.233461413536003,0
"11","label",0.235165251763448,0
"51","label",0.31912897269781,0
"91","label",0.46835384413156,0
"81","label",0.45998915706823,0
"98","individual",0.0616034918970101,0.0018967035999206
"88","individual",-0.312637942497411,7.55773768330958e-114
"89","individual",0.0537270963451162,0.000394750513660061
"99","individual",-0.302916139550321,1.91703594913135e-298
"90","individual",0.363011778978182,4.82195757015885e-188
"80","individual",0.352806171237781,5.00348370891837e-08
"100","individual",-0.321391269715267,0
"96","individual",0.449128559856466,9.74397856085407e-214
"95","individual",0.0783452425190621,2.7508644710295e-07
"87","individual",-0.308536823569338,3.37699961971771e-245
"97","individual",0.059847308023657,0.0259063844393178
"86","individual",-0.177177770346142,3.17834970888186e-24
"44","individual",-0.365001604148374,4.00468301497452e-124
"45","individual",-0.366702024144929,0
"30","individual",-0.368842574432155,0
"20","individual",-0.359600066043773,0
"27","individual",-0.165778033964783,5.99717075627974e-19
"39","individual",-0.344367740529815,0
"9","individual",0.606795010204516,0
"29","individual",-0.351980689786555,0
"7","individual",-0.372783364084821,0
"5","individual",-0.295677564207014,4.48818648935641e-219
"28","individual",-0.35177635295191,0
"19","individual",0.548972258872637,1.05157228500238e-317
"26","individual",-0.32002136287534,0
"17","individual",-0.18728745372903,7.04016163420162e-59
"37","individual",-0.373325531298455,0
"16","individual",-0.333517406493318,0
"18","individual",0.593887568107286,0
"6","individual",0.219251547292195,4.9768838609338e-34
"49","individual",-0.364491876865161,0
"8","individual",0.605562460680325,0
"15","individual",-0.282220845763528,0.00300710886682123
"36","individual",-0.364669486974471,0
"35","individual",-0.060745391911486,0.838829715419125
"66","individual",-0.289431269711391,5.97512444775671e-09
"38","individual",-0.306124315333988,2.53381738009124e-181
"77","individual",-0.331186893377824,0
"10","individual",0.611193759547805,0
"48","individual",-0.315005562153698,4.65218257404147e-202
"78","individual",-0.356537391878023,0
"40","individual",-0.352636441205392,0
"46","individual",-0.370909550552281,0
"50","individual",-0.366562658556526,0
"68","individual",-0.358359765275629,0
"57","individual",-0.278887202085701,9.23028068711628e-164
"58","individual",-0.226335136157087,1.53670307869346e-67
"60","individual",0.602484661869214,0
"47","individual",-0.366325679568698,0
"69","individual",0.585448777929673,0
"56","individual",-0.35200013857553,0
"59","individual",0.600364388890311,0
"67","individual",0.574851520889661,1.56655021860198e-278
"79","individual",0.591769972839217,0
"70","individual",0.610133176398761,0
"73","individual",-0.366166972678778,0
"93","individual",0.600191655478837,0
"74","individual",-0.374664608509252,0
"63","individual",-0.358913179943762,0
"62","individual",-0.362598505709303,0
"84","individual",-0.357818109468329,0
"52","individual",-0.352452727141418,0
"76","individual",-0.338631661576468,4.09677377801305e-256
"65","individual",-0.333005575263483,3.40486857828125e-263
"83","individual",-0.369249626141416,0
"75","individual",0.498265666681601,3.24850476881622e-150
"64","individual",-0.374137862367981,0
"25","individual",-0.352103709966198,6.58133441570109e-115
"53","individual",-0.341994263219702,7.53018297268195e-247
"54","individual",-0.37421927306212,0
"55","individual",-0.354076034185154,2.09026805416425e-254
"94","individual",0.605460574743113,0
"85","individual",0.59553189800377,0
"71","individual",-0.368661539866475,0
"72","individual",-0.307383971739187,3.28040906100451e-147
"42","individual",-0.340170304639637,1.74728453431298e-201
"61","individual",-0.275877683197264,2.20469649146706e-169
"3","individual",-0.352911871375593,0
"31","individual",-0.343631914056075,0
"92","individual",-0.0885672592623126,3.90153873149857e-05
"32","individual",-0.355065527752201,0
"14","individual",-0.323417748965929,1.45794252034223e-263
"24","individual",-0.124914719740379,4.32727585881291e-14
"82","individual",-0.280803303400476,7.97751736115966e-129
"13","individual",-0.365442631396186,0
"21","individual",-0.251399654511469,2.019593946626e-78
"4","individual",-0.366287254331933,0
"12","individual",-0.370324452876599,0
"22","individual",-0.31295075125709,4.85944045238167e-249
"23","individual",-0.372511847451167,0
"1","individual",0.606146296743992,0
"33","individual",-0.358409058526381,0
"2","individual",0.606554521920163,0
"43","individual",-0.368759656564002,0
"34","individual",-0.374622807272319,0
"41","individual",0.574922190959818,0
"11","individual",0.607374973179968,0
"51","individual",0.220130442247978,2.8789941231447e-44
"91","individual",0.605234917686994,0
"81","individual",0.605032271077135,0
